specie,nest_id,folder,photo,viaje,date,true_inc_day,start_time,final_time,duration,duration_min,duration_h,sex,event,nocturnal_incubation,nocturnal_incubation,,,note,note1
Isleria hauxwelli,P02_IGZ14,Huevos 29-Ago,0001-0015,1,29-Aug-14,17,7:30:00,7:34:00,0:04:00,4,0.066666667,,off,N,,,,inicio de carpeta,
Isleria hauxwelli,P02_IGZ14,Huevos 29-Ago,0015-0026,2,29-Aug-14,17,7:34:00,7:35:00,0:01:00,1,0.016666667,f,visita,N,,,,,
Isleria hauxwelli,P02_IGZ14,Huevos 29-Ago,0026-0058,3,29-Aug-14,17,7:35:00,8:07:00,0:32:00,32,0.533333333,f,on,N,,,,fin de carpeta,
Isleria hauxwelli,P02_IGZ14,Huevos 29-31 Ago,0004-0029,1,29-Aug-14,17,8:18:19,8:27:00,0:08:41,8.41,0.140166667,,off,N,,,,inicio de carpeta,
Isleria hauxwelli,P02_IGZ14,Huevos 29-31 Ago,0029-0043,,29-Aug-14,17,8:27:00,8:41:00,0:14:00,14,0.233333333,f,on,N,,,,,
Isleria hauxwelli,P02_IGZ14,Huevos 29-31 Ago,0043-0066,2,29-Aug-14,17,8:41:00,9:04:00,0:23:00,23,0.383333333,f,off,N,,,,,
Isleria hauxwelli,P02_IGZ14,Huevos 29-31 Ago,0066-0079,,29-Aug-14,17,9:04:00,9:07:00,0:03:00,3,0.05,f,on,N,,,,,
Isleria hauxwelli,P02_IGZ14,Huevos 29-31 Ago,0066-0069,,29-Aug-14,17,9:04:00,9:05:18,0:01:18,1.3,0.021666667,m,visita,N,,,,,
Isleria hauxwelli,P02_IGZ14,Huevos 29-31 Ago,0078-0079,,29-Aug-14,17,9:06:00,9:07:00,0:01:00,1,0.016666667,m,visita,N,,,,,
Isleria hauxwelli,P02_IGZ14,Huevos 29-31 Ago,0079-0080,3,29-Aug-14,17,9:07:00,9:08:00,0:01:00,1,0.016666667,f,off,N,,,,,
Isleria hauxwelli,P02_IGZ14,Huevos 29-31 Ago,0080-0188,,29-Aug-14,17,9:08:00,10:56:00,1:48:00,1.8,0.03,m,on,N,,,,,
Isleria hauxwelli,P02_IGZ14,Huevos 29-31 Ago,0188-0189,2,29-Aug-14,17,10:56:00,10:57:00,0:01:00,1,0.016666667,m,off,N,,,,,
Isleria hauxwelli,P02_IGZ14,Huevos 29-31 Ago,0189-0412,,29-Aug-14,17,10:57:00,14:30:00,3:33:00,213,3.55,f,on,N,,,,,
Isleria hauxwelli,P02_IGZ14,Huevos 29-31 Ago,0412-0415,4,29-Aug-14,17,14:30:00,14:33:00,0:03:00,3,0.05,f,off,N,,,,,
Isleria hauxwelli,P02_IGZ14,Huevos 29-31 Ago,0412-0415,,29-Aug-14,17,14:30:00,14:33:00,0:03:00,3,0.05,m,visita,N,,,,,
Isleria hauxwelli,P02_IGZ14,Huevos 29-31 Ago,0415-0425,,29-Aug-14,17,14:33:00,14:43:00,0:10:00,10,0.166666667,m,on,N,,,,,
Isleria hauxwelli,P02_IGZ14,Huevos 29-31 Ago,0425-0438,3,29-Aug-14,17,14:43:00,14:56:00,0:13:00,13,0.216666667,m,off,N,,,,,
Isleria hauxwelli,P02_IGZ14,Huevos 29-31 Ago,0438-0588,,29-Aug-14,17,14:56:00,16:56:00,2:00:00,120,2,m,on,N,,,,,
Isleria hauxwelli,P02_IGZ14,Huevos 29-31 Ago,0588-0589,4,29-Aug-14,17,16:56:00,16:57:00,0:01:00,1,0.016666667,m,off,N,,,,,
Isleria hauxwelli,P02_IGZ14,Huevos 29-31 Ago,0588-0590,,29-Aug-14,17,16:56:00,16:58:00,0:02:00,2,0.033333333,f,visita,N,,,,,
Isleria hauxwelli,P02_IGZ14,Huevos 29-31 Ago,0590-1365,,29-Aug-14,17,16:58:00,0:00:00,7:02:00,422,7.033333333,f,on,Y,,,,incubación nocturna,nocturnal_incubation
Isleria hauxwelli,P02_IGZ14,Huevos 29-31 Ago,0590-1366,,30-Aug-14,18,0:00:00,5:54:00,5:54:00,354,5.9,f,on,Y,11.96666667,,,incubación nocturna,nocturnal_incubation
Isleria hauxwelli,P02_IGZ14,Huevos 29-31 Ago,1366-1382,1,30-Aug-14,18,5:54:00,6:10:00,0:16:00,16,0.266666667,f,off,N,,,,,
Isleria hauxwelli,P02_IGZ14,Huevos 29-31 Ago,1382-1395,,30-Aug-14,18,6:10:00,6:23:00,0:13:00,13,0.216666667,m,on,N,,,,,
Isleria hauxwelli,P02_IGZ14,Huevos 29-31 Ago,1395-1400,1,30-Aug-14,18,6:23:00,6:28:00,0:05:00,5,0.083333333,m,off,N,,,,,
Isleria hauxwelli,P02_IGZ14,Huevos 29-31 Ago,1401-1411,,30-Aug-14,18,6:28:03,6:29:00,0:00:57,0.95,0.015833333,m,visita,N,,,,,
Isleria hauxwelli,P02_IGZ14,Huevos 29-31 Ago,1411-1431,,30-Aug-14,18,6:29:00,6:50:00,0:21:00,21,0.35,m,on,N,,,,,
Isleria hauxwelli,P02_IGZ14,Huevos 29-31 Ago,1432-1444,2,30-Aug-14,18,6:50:00,6:52:00,0:02:00,2,0.033333333,m,off,N,,,,,
Isleria hauxwelli,P02_IGZ14,Huevos 29-31 Ago,1432-1444,,30-Aug-14,18,6:50:00,6:52:00,0:02:00,2,0.033333333,f,visita,N,,,,,
Isleria hauxwelli,P02_IGZ14,Huevos 29-31 Ago,1444-1525,,30-Aug-14,18,6:52:00,8:13:00,1:21:00,81,1.35,f,on,N,,,,,
Isleria hauxwelli,P02_IGZ14,Huevos 29-31 Ago,1525-1526,2,30-Aug-14,18,8:13:00,8:13:36,0:00:36,36,0.6,f,off,N,,,,,
Isleria hauxwelli,P02_IGZ14,Huevos 29-31 Ago,1526-1537,,30-Aug-14,18,8:13:36,8:15:00,0:01:24,1.4,0.023333333,m,visita,N,,,,visit with the female in the backgroung (1527-1536),
Isleria hauxwelli,P02_IGZ14,Huevos 29-31 Ago,1537-1684,,30-Aug-14,18,8:15:00,10:42:00,2:27:00,147,2.45,m,on,N,,,,,
Isleria hauxwelli,P02_IGZ14,Huevos 29-31 Ago,1684-1685,3,30-Aug-14,18,10:42:00,10:43:00,0:01:00,1,0.016666667,m,off,N,,,,,
Isleria hauxwelli,P02_IGZ14,Huevos 29-31 Ago,1685-1897,,30-Aug-14,18,10:43:00,14:15:00,3:32:00,212,3.533333333,f,on,N,,,,,
Isleria hauxwelli,P02_IGZ14,Huevos 29-31 Ago,1897-1908,3,30-Aug-14,18,14:15:00,14:16:00,0:01:00,1,0.016666667,f,off,N,,,,,
Isleria hauxwelli,P02_IGZ14,Huevos 29-31 Ago,1898-1908,,30-Aug-14,18,14:15:04,14:16:00,0:00:56,0.93,0.0155,m,visita,N,,,,,
Isleria hauxwelli,P02_IGZ14,Huevos 29-31 Ago,1908-2073,,30-Aug-14,18,14:16:00,17:01:00,2:45:00,165,2.75,m,on,N,,,,,
Isleria hauxwelli,P02_IGZ14,Huevos 29-31 Ago,2073-2080,4,30-Aug-14,18,17:01:00,17:08:00,0:07:00,7,0.116666667,m,off,N,,,,,
Isleria hauxwelli,P02_IGZ14,Huevos 29-31 Ago,2080-2125,,30-Aug-14,18,17:08:00,17:53:00,0:45:00,45,0.75,f,on,N,,,,,
Isleria hauxwelli,P02_IGZ14,Huevos 29-31 Ago,2125-2128,4,30-Aug-14,18,17:53:00,17:56:00,0:03:00,3,0.05,f,off,N,,,,,
Isleria hauxwelli,P02_IGZ14,Huevos 29-31 Ago,2128-2846,,30-Aug-14,18,17:56:00,0:00:00,6:04:00,364,6.066666667,f,on,Y,,,,incubación nocturna,
Isleria hauxwelli,P02_IGZ14,Huevos 29-31 Ago,2128-2846,,31-Aug-14,19,0:00:00,5:54:00,5:54:00,354,5.9,f,on,Y,13.13333333,,,incubación nocturna,
Isleria hauxwelli,P02_IGZ14,Huevos 29-31 Ago,2846-2857,1,31-Aug-14,19,5:54:00,6:05:00,0:11:00,11,0.183333333,f,off,N,,,,,
Isleria hauxwelli,P02_IGZ14,Huevos 29-31 Ago,2857-2895,,31-Aug-14,19,6:05:00,6:43:00,0:38:00,38,0.633333333,m,on,N,,,,,
Isleria hauxwelli,P02_IGZ14,Huevos 29-31 Ago,2857-2895,1,31-Aug-14,19,6:43:00,6:44:00,0:01:00,1,0.016666667,m,off,N,,,,,
Isleria hauxwelli,P02_IGZ14,Huevos 29-31 Ago,2857-2895,,31-Aug-14,19,6:43:00,6:44:00,0:01:00,1,0.016666667,f,visita,N,,,,,
Isleria hauxwelli,P02_IGZ14,Huevos 29-31 Ago,2895-2999,,31-Aug-14,19,6:44:00,8:17:00,1:33:00,93,1.55,f,on,N,,,,,
Isleria hauxwelli,P02_IGZ14,Huevos 29-31 Ago,2999-3000,2,31-Aug-14,19,8:17:00,8:18:00,0:01:00,1,0.016666667,f,off,N,,,,,
Isleria hauxwelli,P02_IGZ14,Huevos 29-31 Ago,3000-3002,,31-Aug-14,19,8:18:00,8:20:00,0:02:00,2,0.033333333,m,on,N,,,,fin de carpeta,
Isleria hauxwelli,P02_IGZ14,Huevos 31-02 y Pollos 02-03 Sep,0033-0050,1,31-Aug-14,19,8:36:43,8:46:00,0:09:17,9.28,0.154666667,,off,N,,,,inicio de carpeta,
Isleria hauxwelli,P02_IGZ14,Huevos 31-02 y Pollos 02-03 Sep,0050-0078,,31-Aug-14,19,8:46:00,9:14:00,0:28:00,28,0.466666667,m,visita,N,,,,,
Isleria hauxwelli,P02_IGZ14,Huevos 31-02 y Pollos 02-03 Sep,0078-0084,2,31-Aug-14,19,9:14:00,9:20:00,0:06:00,6,0.1,m,off,N,,,,,
Isleria hauxwelli,P02_IGZ14,Huevos 31-02 y Pollos 02-03 Sep,0084-0219,,31-Aug-14,19,9:20:00,11:25:00,2:05:00,125,2.083333333,m,on,N,,,,,
Isleria hauxwelli,P02_IGZ14,Huevos 31-02 y Pollos 02-03 Sep,0219-0224,3,31-Aug-14,19,11:25:00,11:30:00,0:05:00,5,0.083333333,m,off,N,,,,,
Isleria hauxwelli,P02_IGZ14,Huevos 31-02 y Pollos 02-03 Sep,0224-0450,,31-Aug-14,19,11:30:00,15:06:00,3:36:00,216,3.6,f,on,N,,,,,
Isleria hauxwelli,P02_IGZ14,Huevos 31-02 y Pollos 02-03 Sep,0450-0452,2,31-Aug-14,19,15:06:00,15:08:00,0:02:00,2,0.033333333,f,off,N,,,,,
Isleria hauxwelli,P02_IGZ14,Huevos 31-02 y Pollos 02-03 Sep,0452-0557,,31-Aug-14,19,15:08:00,16:43:00,1:35:00,95,1.583333333,m,on,N,,,,,
Isleria hauxwelli,P02_IGZ14,Huevos 31-02 y Pollos 02-03 Sep,0557-0560,4,31-Aug-14,19,16:43:00,16:46:00,0:03:00,3,0.05,m,off,N,,,,,
Isleria hauxwelli,P02_IGZ14,Huevos 31-02 y Pollos 02-03 Sep,0560-1343,,31-Aug-14,19,16:46:00,0:00:00,7:14:00,434,7.233333333,f,on,Y,,,,incubación nocturna,
Isleria hauxwelli,P02_IGZ14,Huevos 31-02 y Pollos 02-03 Sep,0560-1343,,01-Sep-14,20,0:00:00,5:49:00,5:49:00,349,5.816666667,f,on,Y,,,,incubación nocturna,
Isleria hauxwelli,P02_IGZ14,Huevos 31-02 y Pollos 02-03 Sep,1343-1359,1,01-Sep-14,20,5:49:00,6:05:00,0:16:00,16,0.266666667,f,off,N,,,,,
Isleria hauxwelli,P02_IGZ14,Huevos 31-02 y Pollos 02-03 Sep,1359-1381,,01-Sep-14,20,6:05:00,6:26:00,0:21:00,21,0.35,m,on,N,,,,,
Isleria hauxwelli,P02_IGZ14,Huevos 31-02 y Pollos 02-03 Sep,1381-1392,1,01-Sep-14,20,6:26:00,6:28:00,0:02:00,2,0.033333333,m,off,N,,,,,
Isleria hauxwelli,P02_IGZ14,Huevos 31-02 y Pollos 02-03 Sep,1381-1392,,01-Sep-14,20,6:26:40,6:28:00,0:01:20,1.33,0.022166667,f,visita,N,,,,,
Isleria hauxwelli,P02_IGZ14,Huevos 31-02 y Pollos 02-03 Sep,1392-1447,,01-Sep-14,20,6:28:00,7:23:00,0:55:00,55,0.916666667,f,on,N,,,,,
Isleria hauxwelli,P02_IGZ14,Huevos 31-02 y Pollos 02-03 Sep,1447-1450,2,01-Sep-14,20,7:23:00,7:26:00,0:03:00,3,0.05,f,off,N,,,,,
Isleria hauxwelli,P02_IGZ14,Huevos 31-02 y Pollos 02-03 Sep,1450-1556,,01-Sep-14,20,7:26:00,9:12:00,1:46:00,106,1.766666667,m,on,N,,,,,
Isleria hauxwelli,P02_IGZ14,Huevos 31-02 y Pollos 02-03 Sep,1556-1589,2,01-Sep-14,20,9:12:00,9:45:00,0:33:00,33,0.55,m,off,N,,,,,
Isleria hauxwelli,P02_IGZ14,Huevos 31-02 y Pollos 02-03 Sep,1589-1590,,01-Sep-14,20,9:45:00,9:46:00,0:01:00,1,0.016666667,f,visita,N,,,,,
Isleria hauxwelli,P02_IGZ14,Huevos 31-02 y Pollos 02-03 Sep,1590-1763,,01-Sep-14,20,9:46:00,12:29:00,2:43:00,163,2.716666667,f,on,N,,,,,
Isleria hauxwelli,P02_IGZ14,Huevos 31-02 y Pollos 02-03 Sep,1606-1621,,01-Sep-14,20,10:02:00,10:06:00,0:04:00,4,0.066666667,m,visita,N,,,,,
Isleria hauxwelli,P02_IGZ14,Huevos 31-02 y Pollos 02-03 Sep,1763-1771,3,01-Sep-14,20,12:29:00,12:30:49,0:01:49,1.81,0.030166667,f,off,N,,,,,
Isleria hauxwelli,P02_IGZ14,Huevos 31-02 y Pollos 02-03 Sep,1764-1771,,01-Sep-14,20,12:30:00,12:30:49,0:00:49,0.8,0.013333333,f,visita,N,,,,,
Isleria hauxwelli,P02_IGZ14,Huevos 31-02 y Pollos 02-03 Sep,1771-2032,,01-Sep-14,20,12:30:49,16:48:00,4:17:11,257,4.283333333,f,on,N,,,,,
Isleria hauxwelli,P02_IGZ14,Huevos 31-02 y Pollos 02-03 Sep,2032-2035,4,01-Sep-14,20,16:48:00,16:51:00,0:03:00,3,0.05,f,off,N,,,,,
Isleria hauxwelli,P02_IGZ14,Huevos 31-02 y Pollos 02-03 Sep,2035-2046,,01-Sep-14,20,16:51:00,16:52:00,0:01:00,1,0.016666667,f,visita,N,,,,,
Isleria hauxwelli,P02_IGZ14,Huevos 31-02 y Pollos 02-03 Sep,2046-2832,,01-Sep-14,20,16:52:00,0:00:00,7:08:00,428,7.133333333,f,on,Y,,,,incubación nocturna,
Isleria hauxwelli,P02_IGZ14,Huevos 31-02 y Pollos 02-03 Sep,2046-2832,,02-Sep-14,21,0:00:00,5:58:00,5:58:00,358,5.966666667,f,on,Y,,,,incubación nocturna,
Isleria hauxwelli,P02_IGZ14,Huevos 31-02 y Pollos 02-03 Sep,2832-2867,1,02-Sep-14,21,5:58:00,6:33:00,0:35:00,35,0.583333333,f,off,N,,,,,
Isleria hauxwelli,P02_IGZ14,Huevos 31-02 y Pollos 02-03 Sep,2867-2953,,02-Sep-14,21,6:33:00,7:59:00,1:26:00,86,1.433333333,f,on,N,,,,,
Isleria hauxwelli,P02_IGZ14,Huevos 31-02 y Pollos 02-03 Sep,2953-2954,2,02-Sep-14,21,7:59:00,8:00:00,0:01:00,1,0.016666667,f,off,N,,,,,
Isleria hauxwelli,P02_IGZ14,Huevos 31-02 y Pollos 02-03 Sep,2954-3074,,02-Sep-14,21,8:00:00,10:00:00,2:00:00,120,2,m,on,N,,,,,
Isleria hauxwelli,P02_IGZ14,Huevos 31-02 y Pollos 02-03 Sep,3074-3077,1,02-Sep-14,21,10:00:00,10:03:00,0:03:00,3,0.05,m,off,N,,,,,
Isleria hauxwelli,P02_IGZ14,Huevos 31-02 y Pollos 02-03 Sep,3075-3077,,02-Sep-14,21,10:01:00,10:03:00,0:02:00,2,0.033333333,f,visita,N,,,,,
Isleria hauxwelli,P02_IGZ14,Huevos 31-02 y Pollos 02-03 Sep,3077-3280,,02-Sep-14,21,10:03:00,13:26:00,3:23:00,203,3.383333333,f,on,N,,,,,
Isleria hauxwelli,P02_IGZ14,Huevos 31-02 y Pollos 02-03 Sep,3280-3288,3,02-Sep-14,21,13:26:00,13:34:00,0:08:00,8,0.133333333,f,off,N,,,,,
Isleria hauxwelli,P02_IGZ14,Huevos 31-02 y Pollos 02-03 Sep,3282-3288,,02-Sep-14,21,13:28:00,13:34:00,0:06:00,6,0.1,m,visita,N,,,,,
Isleria hauxwelli,P02_IGZ14,Huevos 31-02 y Pollos 02-03 Sep,3288-3299,,02-Sep-14,21,13:34:00,13:45:00,0:11:00,11,0.183333333,m,on,N,,,,,
Isleria hauxwelli,P02_IGZ14,Huevos 31-02 y Pollos 02-03 Sep,3299-3324,2,02-Sep-14,21,13:45:00,14:00:00,0:15:00,15,0.25,m,off,N,,,,,
Isleria hauxwelli,P02_IGZ14,Huevos 31-02 y Pollos 02-03 Sep,3309-3324,,02-Sep-14,21,13:55:00,14:00:00,0:05:00,5,0.083333333,m,visita,N,,,,CREO que aquí empiezan a eclosionar los polluelos,
Isleria hauxwelli,P02_IGZ14,Huevos 31-02 y Pollos 02-03 Sep,3324-3450,,02-Sep-14,21,14:00:00,16:06:00,2:06:00,126,2.1,m,on,N,,,,"Durante este tiempo de incupación el adulto estuvo muy inquieto, permanece en el nido pero se levante por segundos en repetidas ocasiones",
Isleria hauxwelli,P02_IGZ14,Huevos 31-02 y Pollos 02-03 Sep,3450-3459,3,02-Sep-14,21,16:06:00,16:15:00,0:09:00,9,0.15,m,off,N,,,,"Se ve movimientos en nido, por eso creo que ya eclosionaron los polluelos a pesar de que en la historia dice que nacieron el 3 de sep",
Isleria hauxwelli,P02_IGZ14,Huevos 31-02 y Pollos 02-03 Sep,3459-3496,,02-Sep-14,21,16:15:00,16:52:00,0:37:00,37,0.616666667,m,on,N,,,,brooding,
Isleria hauxwelli,P02_IGZ14,Huevos 31-02 y Pollos 02-03 Sep,3496-3507,4,02-Sep-14,21,16:52:00,17:03:00,0:11:00,11,0.183333333,m,off,N,,,,,
Isleria hauxwelli,P02_IGZ14,Huevos 31-02 y Pollos 02-03 Sep,3499-3504,4,02-Sep-14,21,16:55:00,17:00:00,0:05:00,5,0.083333333,f,alimentación,N,,,,,
Isleria hauxwelli,P02_IGZ14,Huevos 31-02 y Pollos 02-03 Sep,3504-3507,,02-Sep-14,21,17:00:00,17:03:00,0:03:00,3,0.05,f,visita,N,,,,,
Isleria hauxwelli,P02_IGZ14,Huevos 31-02 y Pollos 02-03 Sep,3507-4271,,02-Sep-14,21,17:03:00,0:00:00,6:57:00,417,6.95,f,on,Y,,,,incubación nocturna,
Myrmotherula hauxwelli,P02_AJRC13,Huevos (8 - 10 Septiembre 2013),0001-0289,1,08-Sep-13,1,12:45:00,17:27:00,4:42:00,282,4.7,,off,N,,,,inicio de carpeta,
Myrmotherula hauxwelli,P02_AJRC13,Huevos (8 - 10 Septiembre 2013),0037-0038,,08-Sep-13,1,13:21:00,13:22:00,0:01:00,1,0.016666667,m,visita,N,,,,,
Myrmotherula hauxwelli,P02_AJRC13,Huevos (8 - 10 Septiembre 2013),0282-0289,,08-Sep-13,1,17:25:25,17:27:00,0:01:35,1.58,0.026333333,f,visita,N,,,,,
Myrmotherula hauxwelli,P02_AJRC13,Huevos (8 - 10 Septiembre 2013),0289-1031,,08-Sep-13,1,17:27:00,0:00:00,6:33:00,393,6.55,f,on,Y,,,,incubación nocturna,
Myrmotherula hauxwelli,P02_AJRC13,Huevos (8 - 10 Septiembre 2013),0289-1031,,09-Sep-13,2,0:00:00,5:49:00,5:49:00,349,5.816666667,f,on,Y,,,,incubación nocturna,
Myrmotherula hauxwelli,P02_AJRC13,Huevos (8 - 10 Septiembre 2013),1031-1239,1,09-Sep-13,2,5:49:00,9:12:00,3:23:00,203,3.383333333,f,off,N,,,,,
Myrmotherula hauxwelli,P02_AJRC13,Huevos (8 - 10 Septiembre 2013),1065-1069,,09-Sep-13,2,6:22:08,6:22:13,0:00:05,0.1,0.001666667,m,visita,N,,,,,
Myrmotherula hauxwelli,P02_AJRC13,Huevos (8 - 10 Septiembre 2013),1239-1287,,09-Sep-13,2,9:12:00,10:00:00,0:48:00,48,0.8,m,on,N,,,,,
Myrmotherula hauxwelli,P02_AJRC13,Huevos (8 - 10 Septiembre 2013),1287-1356,1,09-Sep-13,2,10:00:00,11:09:00,1:09:00,69,1.15,m,off,N,,,,,
Myrmotherula hauxwelli,P02_AJRC13,Huevos (8 - 10 Septiembre 2013),1356-1418,,09-Sep-13,2,11:09:00,12:11:00,1:02:00,62,1.033333333,f,on,N,,,,,
Myrmotherula hauxwelli,P02_AJRC13,Huevos (8 - 10 Septiembre 2013),1418-1509,2,09-Sep-13,2,12:11:00,13:36:00,1:25:00,85,1.416666667,f,off,N,,,,,
Myrmotherula hauxwelli,P02_AJRC13,Huevos (8 - 10 Septiembre 2013),1503-1509,,09-Sep-13,2,13:35:19,13:36:00,0:00:41,0.68,0.011333333,m,visita,N,,,,,
Myrmotherula hauxwelli,P02_AJRC13,Huevos (8 - 10 Septiembre 2013),1509-1518,,09-Sep-13,2,13:36:00,13:45:00,0:09:00,9,0.15,m,on,N,,,,,
Myrmotherula hauxwelli,P02_AJRC13,Huevos (8 - 10 Septiembre 2013),1518-1576,2,09-Sep-13,2,13:45:00,14:41:00,0:56:00,56,0.933333333,m,off,N,,,,,
Myrmotherula hauxwelli,P02_AJRC13,Huevos (8 - 10 Septiembre 2013),1574-1613,,09-Sep-13,2,14:41:00,15:20:00,0:39:00,39,0.65,m,on,N,,,,,
Myrmotherula hauxwelli,P02_AJRC13,Huevos (8 - 10 Septiembre 2013),1613-1728,3,09-Sep-13,2,15:20:00,17:15:00,1:55:00,115,1.916666667,m,off,N,,,,,
Myrmotherula hauxwelli,P02_AJRC13,Huevos (8 - 10 Septiembre 2013),1728-2473,,09-Sep-13,2,17:15:00,0:00:00,6:45:00,405,6.75,f,on,Y,,,,incubación nocturna,
Myrmotherula hauxwelli,P02_AJRC13,Huevos (8 - 10 Septiembre 2013),1728-2473,,10-Sep-13,3,0:00:00,5:40:00,5:40:00,340,5.666666667,f,on,Y,,,,incubación nocturna,changed the date from 9 to 10 sept must be an error
Myrmotherula hauxwelli,P02_AJRC13,Huevos (8 - 10 Septiembre 2013),2473-2517,3,10-Sep-13,3,5:40:00,6:24:00,0:44:00,44,0.733333333,f,off,N,,,,,changed the date from 9 to 10 sept must be an error
Myrmotherula hauxwelli,P02_AJRC13,Huevos (8 - 10 Septiembre 2013),2516-2517,,10-Sep-13,3,6:23:00,6:24:00,0:01:00,1,0.016666667,m,visita,N,,,,,
Myrmotherula hauxwelli,P02_AJRC13,Huevos (8 - 10 Septiembre 2013),2517-2546,,10-Sep-13,3,6:24:00,6:53:00,0:29:00,29,0.483333333,m,on,N,,,,,changed the date from 9 to 10 sept must be an error
Myrmotherula hauxwelli,P02_AJRC13,Huevos (8 - 10 Septiembre 2013),2546-2616,4,10-Sep-13,3,6:53:00,8:03:00,1:10:00,70,1.166666667,m,off,N,,,,,changed the date from 9 to 10 sept must be an error
Myrmotherula hauxwelli,P02_AJRC13,Huevos (8 - 10 Septiembre 2013),2616-2694,,10-Sep-13,3,8:03:00,9:18:00,1:15:00,75,1.25,f,on,N,,,,,changed the date from 9 to 10 sept must be an error
Myrmotherula hauxwelli,P02_AJRC13,Huevos (8 - 10 Septiembre 2013),2694-2766,4,10-Sep-13,3,9:18:00,10:27:00,1:09:00,69,1.15,f,off,N,,,,,changed the date from 9 to 10 sept must be an error
Myrmotherula hauxwelli,P02_AJRC13,Huevos (8 - 10 Septiembre 2013),2762-2766,,10-Sep-13,3,10:26:00,10:27:00,0:01:00,1,0.016666667,m,visita,N,,,,,
Myrmotherula hauxwelli,P02_AJRC13,Huevos (8 - 10 Septiembre 2013),2766-2769,,10-Sep-13,3,10:27:00,10:30:00,0:03:00,3,0.05,m,on,N,,,,,changed the date from 9 to 10 sept must be an error
Myrmotherula hauxwelli,P02_AJRC13,Huevos (8 - 10 Septiembre 2013),2769-5859,5,10-Sep-13,3,10:30:00,11:51:00,1:21:00,81,1.35,m,off,N,,,,,changed the date from 9 to 10 sept must be an error
Myrmotherula hauxwelli,P02_AJRC13,Huevos (8 - 10 Septiembre 2013),2840-2846,,10-Sep-13,3,10:40:06,11:41:00,1:00:54,60.9,1.015,f,visita,N,,,,,
Myrmotherula hauxwelli,P02_AJRC13,Huevos (8 - 10 Septiembre 2013),2855-5859,,10-Sep-13,3,11:49:51,11:51:00,0:01:09,1.15,0.019166667,f,visita,N,,,,,
Myrmotherula hauxwelli,P02_AJRC13,Huevos (8 - 10 Septiembre 2013),5859-2913,,10-Sep-13,3,11:51:00,12:45:00,0:54:00,54,0.9,f,on,N,,,,,changed the date from 9 to 10 sept must be an error
Myrmotherula hauxwelli,P02_AJRC13,Huevos (8 - 10 Septiembre 2013),2913-2918,5,10-Sep-13,3,12:45:00,12:47:00,0:02:00,2,0.033333333,f,off,N,,,,,changed the date from 9 to 10 sept must be an error
Myrmotherula hauxwelli,P02_AJRC13,Huevos (8 - 10 Septiembre 2013),2915-2918,,10-Sep-13,3,12:46:25,12:47:00,0:00:35,35,0.583333333,m,visita,N,,,,,
Myrmotherula hauxwelli,P02_AJRC13,Huevos (8 - 10 Septiembre 2013),2918-3020,,10-Sep-13,3,12:47:00,14:29:00,1:42:00,102,1.7,m,on,N,,,,,changed the date from 9 to 10 sept must be an error
Myrmotherula hauxwelli,P02_AJRC13,Huevos (8 - 10 Septiembre 2013),3020-3095,6,10-Sep-13,3,14:29:00,15:44:00,1:15:00,75,1.25,m,off,N,,,,fin de carpeta,
Myrmotherula hauxwelli,P02_AJRC13,huevos (10 septiembre-11septiembre),0001-0099,1,10-Sep-13,3,15:48:30,17:15:00,1:26:30,88.5,1.475,,off,N,,,,inicio de carpeta,
Myrmotherula hauxwelli,P02_AJRC13,huevos (10 septiembre-11septiembre),0096-0099,,10-Sep-13,3,17:14:28,17:15:00,0:00:32,0.5,0.008333333,f,visita,N,,,,,
Myrmotherula hauxwelli,P02_AJRC13,huevos (10 septiembre-11septiembre),0099-0851,,10-Sep-13,3,17:15:00,0:00:00,6:45:00,405,6.75,f,on,Y,,,,incubación nocturna,
Myrmotherula hauxwelli,P02_AJRC13,huevos (10 septiembre-11septiembre),0099-0851,,11-Sep-13,4,0:00:00,5:47:00,5:47:00,347,5.783333333,f,on,Y,,,,incubación nocturna,
Myrmotherula hauxwelli,P02_AJRC13,huevos (10 septiembre-11septiembre),0851-0902,1,11-Sep-13,4,5:47:00,6:38:00,0:51:00,51,0.85,f,off,N,,,,,
Myrmotherula hauxwelli,P02_AJRC13,huevos (10 septiembre-11septiembre),0902-0987,,11-Sep-13,4,6:38:00,8:00:00,1:22:00,82,1.366666667,m,on,N,,,,,
Myrmotherula hauxwelli,P02_AJRC13,huevos (10 septiembre-11septiembre),0987-1057,1,11-Sep-13,4,8:00:00,9:10:00,1:10:00,70,1.166666667,m,off,N,,,,,
Myrmotherula hauxwelli,P02_AJRC13,huevos (10 septiembre-11septiembre),1057-1079,,11-Sep-13,4,9:10:00,9:32:00,0:22:00,22,0.366666667,m,on,N,,,,,
Myrmotherula hauxwelli,P02_AJRC13,huevos (10 septiembre-11septiembre),1079-1090,2,11-Sep-13,4,9:32:00,9:40:00,0:08:00,8,0.133333333,m,off,N,,,,,
Myrmotherula hauxwelli,P02_AJRC13,huevos (10 septiembre-11septiembre),1085-1090,,11-Sep-13,4,9:38:00,9:40:00,0:02:00,2,0.033333333,m,visita,N,,,,,
Myrmotherula hauxwelli,P02_AJRC13,huevos (10 septiembre-11septiembre),1090-1140,,11-Sep-13,4,9:40:00,10:30:00,0:50:00,50,0.833333333,m,on,N,,,,,
Myrmotherula hauxwelli,P02_AJRC13,huevos (10 septiembre-11septiembre),1140-1211,3,11-Sep-13,4,10:30:00,11:35:00,1:05:00,65,1.083333333,m,off,N,,,,,
Myrmotherula hauxwelli,P02_AJRC13,huevos (10 septiembre-11septiembre),1208-1211,,11-Sep-13,4,11:34:40,11:35:00,0:00:20,0.3,0.005,f,visita,N,,,,,
Myrmotherula hauxwelli,P02_AJRC13,huevos (10 septiembre-11septiembre),1211-1287,,11-Sep-13,4,11:35:00,12:51:00,1:16:00,76,1.266666667,f,on,N,,,,,
Myrmotherula hauxwelli,P02_AJRC13,huevos (10 septiembre-11septiembre),1287-1462,2,11-Sep-13,4,12:51:00,14:46:23,1:55:23,115.38,1.923,f,off,N,,,,monitoreo y fin de la carpeta,
Myrmotherula hauxwelli,P02_AJRC13,huevos (11septiembre-12septiembre),0001-0036,1,11-Sep-13,4,15:05:00,15:28:00,0:23:00,23,0.383333333,,off,N,,,,inicio de carpeta,
Myrmotherula hauxwelli,P02_AJRC13,huevos (11septiembre-12septiembre),0013-0017,,11-Sep-13,4,15:16:51,15:17:04,0:00:13,0.21,0.0035,m,visita,N,,,,,
Myrmotherula hauxwelli,P02_AJRC13,huevos (11septiembre-12septiembre),0036-0075,,11-Sep-13,4,15:28:00,16:07:00,0:39:00,39,0.65,m,on,N,,,,,
Myrmotherula hauxwelli,P02_AJRC13,huevos (11septiembre-12septiembre),0075-0142,2,11-Sep-13,4,16:07:00,17:14:00,1:07:00,67,1.116666667,m,off,N,,,,,
Myrmotherula hauxwelli,P02_AJRC13,huevos (11septiembre-12septiembre),0142-0162,,11-Sep-13,4,17:14:00,17:19:00,0:05:00,5,0.083333333,f,visita,N,,,,,
Myrmotherula hauxwelli,P02_AJRC13,huevos (11septiembre-12septiembre),0162-0915,,11-Sep-13,4,17:19:00,0:00:00,6:41:00,401,6.683333333,f,on,Y,,,,incubación nocturna,
Myrmotherula hauxwelli,P02_AJRC13,huevos (11septiembre-12septiembre),0162-0915,,12-Sep-13,5,0:00:00,5:49:00,5:49:00,349,5.816666667,f,on,Y,,,,incubación nocturna,
Myrmotherula hauxwelli,P02_AJRC13,huevos (11septiembre-12septiembre),0915-0962,1,12-Sep-13,5,5:49:00,6:33:00,0:44:00,44,0.733333333,f,off,N,,,,,
Myrmotherula hauxwelli,P02_AJRC13,huevos (11septiembre-12septiembre),0958-0962,,12-Sep-13,5,6:32:00,6:33:00,0:01:00,1,0.016666667,m,visita,N,,,,,
Myrmotherula hauxwelli,P02_AJRC13,huevos (11septiembre-12septiembre),0962-0985,,12-Sep-13,5,6:33:00,6:56:00,0:23:00,23,0.383333333,m,on,N,,,,,
Myrmotherula hauxwelli,P02_AJRC13,huevos (11septiembre-12septiembre),0985-1086,1,12-Sep-13,5,6:56:00,8:25:00,1:29:00,89,1.483333333,m,off,N,,,,,
Myrmotherula hauxwelli,P02_AJRC13,huevos (11septiembre-12septiembre),1070-1086,,12-Sep-13,5,8:20:53,8:25:00,0:04:07,4.11,0.0685,f,visita,N,,,,,
Myrmotherula hauxwelli,P02_AJRC13,huevos (11septiembre-12septiembre),1086-1090,,12-Sep-13,5,8:25:00,8:28:54,0:03:54,3.9,0.065,f,on,N,,,,,
Myrmotherula hauxwelli,P02_AJRC13,huevos (11septiembre-12septiembre),1090-1150,2,12-Sep-13,5,8:28:54,8:32:00,0:03:06,3.1,0.051666667,f,off,N,,,,,
Myrmotherula hauxwelli,P02_AJRC13,huevos (11septiembre-12septiembre),1094-1150,,12-Sep-13,5,8:29:01,8:32:00,0:02:59,2.99,0.049833333,m,visita,N,,,,,
Myrmotherula hauxwelli,P02_AJRC13,huevos (11septiembre-12septiembre),1150-1172,,12-Sep-13,5,8:32:00,9:39:00,1:07:00,67,1.116666667,m,on,N,,,,,
Myrmotherula hauxwelli,P02_AJRC13,huevos (11septiembre-12septiembre),1172-1239,2,12-Sep-13,5,9:39:00,10:46:00,1:07:00,67,1.116666667,m,off,N,,,,,
Myrmotherula hauxwelli,P02_AJRC13,huevos (11septiembre-12septiembre),1238-1239,,12-Sep-13,5,10:45:00,10:46:00,0:01:00,1,0.016666667,m,visita,N,,,,,
Myrmotherula hauxwelli,P02_AJRC13,huevos (11septiembre-12septiembre),1239-1250,,12-Sep-13,5,10:46:00,10:57:00,0:11:00,11,0.183333333,m,on,N,,,,,
Myrmotherula hauxwelli,P02_AJRC13,huevos (11septiembre-12septiembre),1250-1335,3,12-Sep-13,5,10:57:00,12:13:00,1:16:00,76,1.266666667,m,off,N,,,,,
Myrmotherula hauxwelli,P02_AJRC13,huevos (11septiembre-12septiembre),1325-1335,,12-Sep-13,5,12:11:14,12:13:00,0:01:46,1.76,0.029333333,f,visita,N,,,,,
Myrmotherula hauxwelli,P02_AJRC13,huevos (11septiembre-12septiembre),1335-1359,,12-Sep-13,5,12:13:00,12:37:00,0:24:00,24,0.4,f,on,N,,,,,
Myrmotherula hauxwelli,P02_AJRC13,huevos (11septiembre-12septiembre),1359-1360,3,12-Sep-13,5,12:37:00,12:38:00,0:01:00,1,0.016666667,f,off,N,,,,,
Myrmotherula hauxwelli,P02_AJRC13,huevos (11septiembre-12septiembre),1359-1360,,12-Sep-13,5,12:37:00,12:38:00,0:01:00,1,0.016666667,m,visita,N,,,,,
Myrmotherula hauxwelli,P02_AJRC13,huevos (11septiembre-12septiembre),1360-1467,,12-Sep-13,5,12:38:00,14:25:00,1:47:00,107,1.783333333,m,on,N,,,,,
Myrmotherula hauxwelli,P02_AJRC13,huevos (11septiembre-12septiembre),1467-1468,4,12-Sep-13,5,14:25:00,14:26:00,0:01:00,1,0.016666667,m,off,N,,,,fin de carpeta,
Myrmotherula hauxwelli,P02_AJRC13,Huevos 12-18 Septiembre,0001-0100,1,12-Sep-13,5,14:41:00,16:14:00,1:33:00,93,1.55,,off,N,,,,inicio de carpeta,
Myrmotherula hauxwelli,P02_AJRC13,Huevos 12-18 Septiembre,0093-0100,,12-Sep-13,5,16:12:59,16:14:00,0:01:01,1,0.016666667,f,visita,N,,,,,
Myrmotherula hauxwelli,P02_AJRC13,Huevos 12-18 Septiembre,0100-0141,,12-Sep-13,5,16:14:00,16:55:00,0:41:00,41,0.683333333,f,on,N,,,,,
Myrmotherula hauxwelli,P02_AJRC13,Huevos 12-18 Septiembre,0141-0170,2,12-Sep-13,5,16:55:00,17:21:00,0:26:00,26,0.433333333,f,off,N,,,,,
Myrmotherula hauxwelli,P02_AJRC13,Huevos 12-18 Septiembre,0166-0170,,12-Sep-13,5,17:20:00,17:21:00,0:01:00,1,0.016666667,f,visita,N,,,,,
Myrmotherula hauxwelli,P02_AJRC13,Huevos 12-18 Septiembre,0170-0923,,12-Sep-13,5,17:21:00,0:00:00,6:39:00,399,6.65,f,on,Y,,,,incubación nocturna,
Myrmotherula hauxwelli,P02_AJRC13,Huevos 12-18 Septiembre,0170-0923,,13-Sep-13,6,0:00:00,5:54:00,5:54:00,354,5.9,f,on,Y,,,,incubación nocturna,
Myrmotherula hauxwelli,P02_AJRC13,Huevos 12-18 Septiembre,0923-1080,1,13-Sep-13,6,5:54:00,8:31:00,2:37:00,157,2.616666667,f,off,N,,,,,
Myrmotherula hauxwelli,P02_AJRC13,Huevos 12-18 Septiembre,1078-1080,,13-Sep-13,6,8:29:00,8:31:00,0:02:00,2,0.033333333,m,visita,N,,,,,
Myrmotherula hauxwelli,P02_AJRC13,Huevos 12-18 Septiembre,1080-1083,,13-Sep-13,6,8:31:00,8:34:00,0:03:00,3,0.05,m,on,N,,,,,
Myrmotherula hauxwelli,P02_AJRC13,Huevos 12-18 Septiembre,1083-1139,1,13-Sep-13,6,8:34:00,9:31:00,0:57:00,57,0.95,m,off,N,,,,,
Myrmotherula hauxwelli,P02_AJRC13,Huevos 12-18 Septiembre,1139-1146,,13-Sep-13,6,9:30:00,9:31:00,0:01:00,1,0.016666667,f,visita,N,,,,,
Myrmotherula hauxwelli,P02_AJRC13,Huevos 12-18 Septiembre,1146-1158,,13-Sep-13,6,9:31:00,9:43:00,0:12:00,12,0.2,f,on,N,,,,,
Myrmotherula hauxwelli,P02_AJRC13,Huevos 12-18 Septiembre,1158-1173,2,13-Sep-13,6,9:43:00,9:46:00,0:03:00,3,0.05,f,off,N,,,,,
Myrmotherula hauxwelli,P02_AJRC13,Huevos 12-18 Septiembre,1163-1173,,13-Sep-13,6,9:44:15,9:46:00,0:01:45,105,1.75,f,visita,N,,,,,
Myrmotherula hauxwelli,P02_AJRC13,Huevos 12-18 Septiembre,1173-1202,,13-Sep-13,6,9:46:00,10:15:00,0:29:00,29,0.483333333,f,on,N,,,,,
Myrmotherula hauxwelli,P02_AJRC13,Huevos 12-18 Septiembre,1202-1299,3,13-Sep-13,6,10:15:00,11:43:00,1:28:00,88,1.466666667,f,off,N,,,,,
Myrmotherula hauxwelli,P02_AJRC13,Huevos 12-18 Septiembre,1293-1299,,13-Sep-13,6,11:40:00,11:43:00,0:03:00,3,0.05,f,visita,N,,,,,
Myrmotherula hauxwelli,P02_AJRC13,Huevos 12-18 Septiembre,1299-1378,,13-Sep-13,6,11:43:00,12:59:00,1:16:00,76,1.266666667,f,on,N,,,,,
Myrmotherula hauxwelli,P02_AJRC13,Huevos 12-18 Septiembre,1378-1665,4,13-Sep-13,6,12:59:00,17:31:00,4:32:00,272,4.533333333,f,off,N,,,,,
Myrmotherula hauxwelli,P02_AJRC13,Huevos 12-18 Septiembre,1658-1665,,13-Sep-13,6,17:30:00,17:31:00,0:01:00,1,0.016666667,f,visita,N,,,,,
Myrmotherula hauxwelli,P02_AJRC13,Huevos 12-18 Septiembre,1665-2419,,13-Sep-13,6,17:31:00,0:00:00,6:29:00,389,6.483333333,f,on,Y,,,,incubación nocturna,
Myrmotherula hauxwelli,P02_AJRC13,Huevos 12-18 Septiembre,1665-2419,,14-Sep-13,7,0:00:00,6:05:00,6:05:00,365,6.083333333,f,on,Y,,,,incubación nocturna,
Myrmotherula hauxwelli,P02_AJRC13,Huevos 12-18 Septiembre,2419-2477,1,14-Sep-13,7,6:05:00,7:03:00,0:58:00,58,0.966666667,f,off,N,,,,,
Myrmotherula hauxwelli,P02_AJRC13,Huevos 12-18 Septiembre,2476-2477,,14-Sep-13,7,7:02:00,7:03:00,0:01:00,1,0.016666667,m,visita,N,,,,,
Myrmotherula hauxwelli,P02_AJRC13,Huevos 12-18 Septiembre,2477-2546,,14-Sep-13,7,7:03:00,8:12:00,1:09:00,69,1.15,m,on,N,,,,,
Myrmotherula hauxwelli,P02_AJRC13,Huevos 12-18 Septiembre,2546-2678,1,14-Sep-13,7,8:12:00,10:21:00,2:09:00,129,2.15,m,off,N,,,,,
Myrmotherula hauxwelli,P02_AJRC13,Huevos 12-18 Septiembre,2675-2678,,14-Sep-13,7,10:20:34,10:21:00,0:00:26,0.43,0.007166667,m,visita,N,,,,,
Myrmotherula hauxwelli,P02_AJRC13,Huevos 12-18 Septiembre,2678-258,,14-Sep-13,7,10:21:00,11:41:00,1:20:00,80,1.333333333,m,on,N,,,,,
Myrmotherula hauxwelli,P02_AJRC13,Huevos 12-18 Septiembre,2758-2857,2,14-Sep-13,7,11:41:00,13:08:00,1:27:00,87,1.45,m,off,N,,,,,
Myrmotherula hauxwelli,P02_AJRC13,Huevos 12-18 Septiembre,2851-2857,,14-Sep-13,7,13:07:43,13:08:00,0:00:17,0.28,0.004666667,f,visita,N,,,,,
Myrmotherula hauxwelli,P02_AJRC13,Huevos 12-18 Septiembre,2857-2954,,14-Sep-13,7,13:08:00,14:25:00,1:17:00,77,1.283333333,f,on,N,,,,,
Myrmotherula hauxwelli,P02_AJRC13,Huevos 12-18 Septiembre,2954-2956,2,14-Sep-13,7,14:25:00,14:27:00,0:02:00,2,0.033333333,f,off,N,,,,,
Myrmotherula hauxwelli,P02_AJRC13,Huevos 12-18 Septiembre,2955-2956,,14-Sep-13,7,14:26:00,14:27:00,0:01:00,1,0.016666667,m,visita,N,,,,,
Myrmotherula hauxwelli,P02_AJRC13,Huevos 12-18 Septiembre,2956-2996,,14-Sep-13,7,14:27:00,15:27:00,1:00:00,60,1,m,on,N,,,,,
Myrmotherula hauxwelli,P02_AJRC13,Huevos 12-18 Septiembre,2989-2996,3,14-Sep-13,7,15:20:00,15:27:00,0:07:00,7,0.116666667,m,off,N,,,,,
Myrmotherula hauxwelli,P02_AJRC13,Huevos 12-18 Septiembre,2996-3050,,14-Sep-13,7,15:27:00,16:21:00,0:54:00,54,0.9,f,on,N,,,,,
Myrmotherula hauxwelli,P02_AJRC13,Huevos 12-18 Septiembre,3050-3113,3,14-Sep-13,7,16:21:00,17:18:00,0:57:00,57,0.95,f,off,N,,,,,
Myrmotherula hauxwelli,P02_AJRC13,Huevos 12-18 Septiembre,3107-3113,,14-Sep-13,7,17:17:15,17:18:00,0:00:45,0.75,0.0125,f,visita,N,,,,,
Myrmotherula hauxwelli,P02_AJRC13,Huevos 12-18 Septiembre,3113-3873,,14-Sep-13,7,17:18:00,0:00:00,6:42:00,402,6.7,f,on,Y,,,,incubación nocturna,
Myrmotherula hauxwelli,P02_AJRC13,Huevos 12-18 Septiembre,3113-3873,,15-Sep-13,8,0:00:00,5:58:00,5:58:00,358,5.966666667,f,on,Y,,,,incubación nocturna,
Myrmotherula hauxwelli,P02_AJRC13,Huevos 12-18 Septiembre,3873-3989,1,15-Sep-13,8,5:58:00,7:51:00,1:53:00,113,1.883333333,f,off,N,,,,,
Myrmotherula hauxwelli,P02_AJRC13,Huevos 12-18 Septiembre,3989-4034,,15-Sep-13,8,7:50:39,7:51:00,0:00:21,0.35,0.005833333,m,visita,N,,,,,
Myrmotherula hauxwelli,P02_AJRC13,Huevos 12-18 Septiembre,3989-4034,,15-Sep-13,8,7:51:00,8:36:00,0:45:00,45,0.75,m,on,N,,,,,
Myrmotherula hauxwelli,P02_AJRC13,Huevos 12-18 Septiembre,4034-4070,1,15-Sep-13,8,8:36:00,9:06:00,0:30:00,30,0.5,m,off,N,,,,,
Myrmotherula hauxwelli,P02_AJRC13,Huevos 12-18 Septiembre,4063-4070,,15-Sep-13,8,9:05:00,9:06:00,0:01:00,1,0.016666667,f,visita,N,,,,,
Myrmotherula hauxwelli,P02_AJRC13,Huevos 12-18 Septiembre,4070-4085,,15-Sep-13,8,9:06:00,9:21:00,0:15:00,15,0.25,f,on,N,,,,,
Myrmotherula hauxwelli,P02_AJRC13,Huevos 12-18 Septiembre,4084-4085,2,15-Sep-13,8,9:20:00,9:21:00,0:01:00,1,0.016666667,f,off,N,,,,,
Myrmotherula hauxwelli,P02_AJRC13,Huevos 12-18 Septiembre,4085-4163,,15-Sep-13,8,9:21:00,10:39:00,1:18:00,78,1.3,m,on,N,,,,,
Myrmotherula hauxwelli,P02_AJRC13,Huevos 12-18 Septiembre,4163-4300,2,15-Sep-13,8,10:39:00,12:53:00,2:14:00,134,2.233333333,m,off,N,,,,,
Myrmotherula hauxwelli,P02_AJRC13,Huevos 12-18 Septiembre,4296-4300,,15-Sep-13,8,12:51:55,12:53:00,0:01:05,1.1,0.018333333,f,visita,N,,,,,
Myrmotherula hauxwelli,P02_AJRC13,Huevos 12-18 Septiembre,4300-4424,,15-Sep-13,8,12:53:00,14:57:00,2:04:00,124,2.066666667,f,on,N,,,,,
Myrmotherula hauxwelli,P02_AJRC13,Huevos 12-18 Septiembre,4424-4431,3,15-Sep-13,8,14:57:00,15:04:00,0:07:00,7,0.116666667,f,off,N,,,,,
Myrmotherula hauxwelli,P02_AJRC13,Huevos 12-18 Septiembre,4431-4483,,15-Sep-13,8,15:04:00,15:56:00,0:52:00,52,0.866666667,m,on,N,,,,,
Myrmotherula hauxwelli,P02_AJRC13,Huevos 12-18 Septiembre,4483-4568,3,15-Sep-13,8,15:56:00,17:15:00,1:19:00,79,1.316666667,m,off,N,,,,,
Myrmotherula hauxwelli,P02_AJRC13,Huevos 12-18 Septiembre,4561-4568,,15-Sep-13,8,17:13:52,17:15:00,0:01:08,1.1,0.018333333,f,visita,N,,,,,
Myrmotherula hauxwelli,P02_AJRC13,Huevos 12-18 Septiembre,4568-5090,,15-Sep-13,8,17:15:00,0:00:00,6:45:00,405,6.75,f,on,Y,,,,incubación nocturna,
Myrmotherula hauxwelli,P02_AJRC13,Huevos 12-18 Septiembre,4568-5090,,16-Sep-13,9,0:00:00,1:57:00,1:57:00,117,1.95,f,on,Y,,,,incubación nocturna,
Myrmotherula hauxwelli,P02_AJRC13,Huevos 12-18 Septiembre,5090-5314,1,16-Sep-13,9,1:57:00,5:38:00,3:41:00,221,3.683333333,f,off,N,,,,,
Myrmotherula hauxwelli,P02_AJRC13,Huevos 12-18 Septiembre,5310-5314,,16-Sep-13,9,5:37:00,5:38:00,0:01:00,1,0.016666667,f,visita,N,,,,,
Myrmotherula hauxwelli,P02_AJRC13,Huevos 12-18 Septiembre,5314-5363,,16-Sep-13,9,5:38:00,6:27:00,0:49:00,49,0.816666667,f,on,N,,,,,
Myrmotherula hauxwelli,P02_AJRC13,Huevos 12-18 Septiembre,5363-5364,2,16-Sep-13,9,6:27:00,6:28:00,0:01:00,1,0.016666667,f,off,N,,,,,
Myrmotherula hauxwelli,P02_AJRC13,Huevos 12-18 Septiembre,5364-5398,,16-Sep-13,9,6:28:00,7:02:00,0:34:00,34,0.566666667,m,on,N,,,,,
Myrmotherula hauxwelli,P02_AJRC13,Huevos 12-18 Septiembre,5398-5660,1,16-Sep-13,9,7:02:00,10:48:00,3:46:00,226,3.766666667,m,off,N,,,,7:18 (5414)-8:31 (5523) monitoreo con GoPro (no se ve nada),
Myrmotherula hauxwelli,P02_AJRC13,Huevos 12-18 Septiembre,5660-5675,,16-Sep-13,9,10:48:00,11:03:00,0:15:00,15,0.25,m,on,N,,,,,
Myrmotherula hauxwelli,P02_AJRC13,Huevos 12-18 Septiembre,5675-5683,2,16-Sep-13,9,11:03:00,11:05:00,0:02:00,2,0.033333333,m,off,N,,,,,
Myrmotherula hauxwelli,P02_AJRC13,Huevos 12-18 Septiembre,5677-5683,,16-Sep-13,9,11:04:29,11:05:00,0:00:31,0.5,0.008333333,f,visita,N,,,,,
Myrmotherula hauxwelli,P02_AJRC13,Huevos 12-18 Septiembre,5683-5738,,16-Sep-13,9,11:05:00,12:00:00,0:55:00,55,0.916666667,f,on,N,,,,,
Myrmotherula hauxwelli,P02_AJRC13,Huevos 12-18 Septiembre,5738-5840,3,16-Sep-13,9,12:00:00,13:36:00,1:36:00,96,1.6,f,off,N,,,,,
Myrmotherula hauxwelli,P02_AJRC13,Huevos 12-18 Septiembre,5834-5840,,16-Sep-13,9,13:35:38,13:36:00,0:00:22,0.3,0.005,f,visita,N,,,,,
Myrmotherula hauxwelli,P02_AJRC13,Huevos 12-18 Septiembre,5840-5850,,16-Sep-13,9,13:36:00,13:46:00,0:10:00,10,0.166666667,f,on,N,,,,,
Myrmotherula hauxwelli,P02_AJRC13,Huevos 12-18 Septiembre,5850-5851,4,16-Sep-13,9,13:46:00,13:47:00,0:01:00,1,0.016666667,f,off,N,,,,,
Myrmotherula hauxwelli,P02_AJRC13,Huevos 12-18 Septiembre,5851-5890,,16-Sep-13,9,13:47:00,14:26:00,0:39:00,39,0.65,m,on,N,,,,,
Myrmotherula hauxwelli,P02_AJRC13,Huevos 12-18 Septiembre,5890-5909,3,16-Sep-13,9,14:26:00,14:26:00,0:00:00,0,0,m,off,N,,,,,
Myrmotherula hauxwelli,P02_AJRC13,Huevos 12-18 Septiembre,5909-5910,,16-Sep-13,9,14:25:00,14:26:00,0:01:00,1,0.016666667,m,visita,N,,,,,
Myrmotherula hauxwelli,P02_AJRC13,Huevos 12-18 Septiembre,5910-5944,,16-Sep-13,9,14:26:00,15:20:00,0:54:00,54,0.9,m,on,N,,,,,
Myrmotherula hauxwelli,P02_AJRC13,Huevos 12-18 Septiembre,5944-5967,4,16-Sep-13,9,15:20:00,15:43:00,0:23:00,23,0.383333333,m,off,N,,,,,
Myrmotherula hauxwelli,P02_AJRC13,Huevos 12-18 Septiembre,5966-5967,,16-Sep-13,9,15:42:00,15:43:00,0:01:00,1,0.016666667,m,visita,N,,,,,
Myrmotherula hauxwelli,P02_AJRC13,Huevos 12-18 Septiembre,5967-6018,,16-Sep-13,9,15:43:00,16:34:00,0:51:00,51,0.85,m,on,N,,,,,
Myrmotherula hauxwelli,P02_AJRC13,Huevos 12-18 Septiembre,6018-6052,5,16-Sep-13,9,16:34:00,17:01:22,0:27:22,27.3,0.455,m,off,N,,,,,
Myrmotherula hauxwelli,P02_AJRC13,Huevos 12-18 Septiembre,6046-6052,,16-Sep-13,9,17:01:22,17:02:00,0:00:38,0.6,0.01,f,visita,N,,,,,
Myrmotherula hauxwelli,P02_AJRC13,Huevos 12-18 Septiembre,6052-6859,,16-Sep-13,9,17:02:00,0:00:00,6:58:00,418,6.966666667,f,on,Y,,,,incubación nocturna,
Myrmotherula hauxwelli,P02_AJRC13,Huevos 12-18 Septiembre,6052-6859,,17-Sep-13,10,0:00:00,6:29:00,6:29:00,389,6.483333333,f,on,Y,,,,incubación nocturna,
Myrmotherula hauxwelli,P02_AJRC13,Huevos 12-18 Septiembre,6859-6912,1,17-Sep-13,10,6:29:00,7:22:00,0:53:00,53,0.883333333,f,off,N,,,,,
Myrmotherula hauxwelli,P02_AJRC13,Huevos 12-18 Septiembre,6911-6912,,17-Sep-13,10,7:21:00,7:22:00,0:01:00,1,0.016666667,m,visita,N,,,,,
Myrmotherula hauxwelli,P02_AJRC13,Huevos 12-18 Septiembre,6912-7089,,17-Sep-13,10,7:22:00,10:19:00,2:57:00,177,2.95,m,on,N,,,,,
Myrmotherula hauxwelli,P02_AJRC13,Huevos 12-18 Septiembre,7089-7103,1,17-Sep-13,10,10:19:00,10:30:00,0:11:00,11,0.183333333,m,off,N,,,,,
Myrmotherula hauxwelli,P02_AJRC13,Huevos 12-18 Septiembre,7097-7103,,17-Sep-13,10,10:27:00,10:30:00,0:03:00,3,0.05,f,visita,N,,,,,
Myrmotherula hauxwelli,P02_AJRC13,Huevos 12-18 Septiembre,7103-7177,,17-Sep-13,10,10:30:00,11:44:00,1:14:00,74,1.233333333,f,on,N,,,,,
Myrmotherula hauxwelli,P02_AJRC13,Huevos 12-18 Septiembre,7177-7211,2,17-Sep-13,10,11:44:00,12:12:00,0:28:00,28,0.466666667,f,off,N,,,,,
Myrmotherula hauxwelli,P02_AJRC13,Huevos 12-18 Septiembre,7202-7211,,17-Sep-13,10,12:09:00,12:12:00,0:03:00,2,0.033333333,f,visita,N,,,,,
Myrmotherula hauxwelli,P02_AJRC13,Huevos 12-18 Septiembre,7211-7272,,17-Sep-13,10,12:12:00,13:13:00,1:01:00,61,1.016666667,f,on,N,,,,,
Myrmotherula hauxwelli,P02_AJRC13,Huevos 12-18 Septiembre,7272-7380,3,17-Sep-13,10,13:13:00,15:01:00,1:48:00,108,1.8,f,off,N,,,,,
Myrmotherula hauxwelli,P02_AJRC13,Huevos 12-18 Septiembre,7380-7465,,17-Sep-13,10,15:01:00,16:26:00,1:25:00,85,1.416666667,m,on,N,,,,,
Myrmotherula hauxwelli,P02_AJRC13,Huevos 12-18 Septiembre,7465-7514,2,17-Sep-13,10,16:26:00,17:09:09,0:43:09,43.12,0.718666667,m,off,N,,,,,
Myrmotherula hauxwelli,P02_AJRC13,Huevos 12-18 Septiembre,7508-7514,,17-Sep-13,10,17:08:58,17:09:09,0:00:11,0.2,0.003333333,f,visita,N,,,,,
Myrmotherula hauxwelli,P02_AJRC13,Huevos 12-18 Septiembre,7514-8313,,17-Sep-13,10,17:09:09,0:00:00,6:50:51,410.9,6.848333333,f,on,Y,,,,incubación nocturna,
Myrmotherula hauxwelli,P02_AJRC13,Huevos 12-18 Septiembre,7514-8313,,18-Sep-13,11,0:00:00,6:28:00,6:28:00,388,6.466666667,f,on,Y,,,,incubación nocturna,
Myrmotherula hauxwelli,P02_AJRC13,Huevos 12-18 Septiembre,8313-8326,1,18-Sep-13,11,6:28:00,6:41:00,0:13:00,13,0.216666667,f,off,N,,,,,
Myrmotherula hauxwelli,P02_AJRC13,Huevos 12-18 Septiembre,8326-8359,,18-Sep-13,11,6:41:00,7:14:00,0:33:00,22,0.366666667,m,on,N,,,,,
Myrmotherula hauxwelli,P02_AJRC13,Huevos 12-18 Septiembre,8359-8374,1,18-Sep-13,11,7:14:00,7:29:00,0:15:00,15,0.25,m,off,N,,,,,
Myrmotherula hauxwelli,P02_AJRC13,Huevos 12-18 Septiembre,8374-8424,,18-Sep-13,11,7:29:00,8:19:00,0:50:00,50,0.833333333,m,on,N,,,,,
Myrmotherula hauxwelli,P02_AJRC13,Huevos 12-18 Septiembre,8424-8451,2,18-Sep-13,11,8:19:00,8:40:00,0:21:00,21,0.35,m,off,N,,,,,
Myrmotherula hauxwelli,P02_AJRC13,Huevos 12-18 Septiembre,8450-8451,,18-Sep-13,11,8:39:00,8:40:00,0:01:00,1,0.016666667,f,visita,N,,,,alimento en el pico,
Myrmotherula hauxwelli,P02_AJRC13,Huevos 12-18 Septiembre,8451-8461,,18-Sep-13,11,8:40:00,8:50:00,0:10:00,10,0.166666667,f,on,N,,,,,
Myrmotherula hauxwelli,P02_AJRC13,Huevos 12-18 Septiembre,8461-8469,2,18-Sep-13,11,8:50:00,8:52:20,0:02:20,2.3,0.038333333,f,off,N,,,,monitoreo y fin de la carpeta,
Myrmotherula hauxwelli,P02_AJRC13,Huevos 18-23 Septiembre,0001-0009,1,18-Sep-13,11,8:55:00,9:03:00,0:08:00,8,0.133333333,,off,N,,,,inicio de carpeta,
Myrmotherula hauxwelli,P02_AJRC13,Huevos 28-30 Septiembre,0009-0064,,18-Sep-13,11,9:03:00,9:58:00,0:55:00,55,0.916666667,m,on,N,,,,,
Myrmotherula hauxwelli,P02_AJRC13,Huevos 28-30 Septiembre,0064-0082,1,18-Sep-13,11,9:58:00,10:07:00,0:09:00,9,0.15,m,off,N,,,,,
Myrmotherula hauxwelli,P02_AJRC13,Huevos 28-30 Septiembre,0073-0082,,18-Sep-13,11,10:06:32,10:07:00,0:00:28,28,0.466666667,f,visita,N,,,,,
Myrmotherula hauxwelli,P02_AJRC13,Huevos 28-30 Septiembre,0082-0103,,18-Sep-13,11,10:07:00,10:28:00,0:21:00,21,0.35,f,on,N,,,,,
Myrmotherula hauxwelli,P02_AJRC13,Huevos 28-30 Septiembre,0103-0107,1,18-Sep-13,11,10:28:00,10:29:00,0:01:00,1,0.016666667,f,off,N,,,,,
Myrmotherula hauxwelli,P02_AJRC13,Huevos 28-30 Septiembre,0104-0107,,18-Sep-13,11,10:28:22,10:29:00,0:00:38,0.63,0.0105,m,visita,N,,,,,
Myrmotherula hauxwelli,P02_AJRC13,Huevos 28-30 Septiembre,0107-0160,,18-Sep-13,11,10:29:00,11:22:00,0:53:00,53,0.883333333,m,on,N,,,,,
Myrmotherula hauxwelli,P02_AJRC13,Huevos 28-30 Septiembre,0160-0190,2,18-Sep-13,11,11:22:00,11:49:00,0:27:00,27,0.45,m,off,N,,,,,
Myrmotherula hauxwelli,P02_AJRC13,Huevos 28-30 Septiembre,0187-0190,,18-Sep-13,11,11:48:46,11:49:00,0:00:14,0.23,0.003833333,m,visita,N,,,,,
Myrmotherula hauxwelli,P02_AJRC13,Huevos 28-30 Septiembre,0190-0237,,18-Sep-13,11,11:49:00,12:36:00,0:47:00,47,0.783333333,m,on,N,,,,,
Myrmotherula hauxwelli,P02_AJRC13,Huevos 28-30 Septiembre,0237-0240,3,18-Sep-13,11,12:36:00,12:39:00,0:03:00,3,0.05,m,off,N,,,,,
Myrmotherula hauxwelli,P02_AJRC13,Huevos 28-30 Septiembre,0240-0282,,18-Sep-13,11,12:39:00,13:21:00,0:42:00,42,0.7,f,on,N,,,,,
Myrmotherula hauxwelli,P02_AJRC13,Huevos 28-30 Septiembre,0282-0286,2,18-Sep-13,11,13:21:00,13:22:00,0:01:00,1,0.016666667,f,off,N,,,,,
Myrmotherula hauxwelli,P02_AJRC13,Huevos 28-30 Septiembre,0283-0286,,18-Sep-13,11,13:21:05,13:22:00,0:00:55,0.9,0.015,m,visita,N,,,,,
Myrmotherula hauxwelli,P02_AJRC13,Huevos 28-30 Septiembre,0286-0338,,18-Sep-13,11,13:22:00,14:14:00,0:52:00,52,0.866666667,m,on,N,,,,,
Myrmotherula hauxwelli,P02_AJRC13,Huevos 28-30 Septiembre,0338-0362,4,18-Sep-13,11,14:14:00,14:35:00,0:21:00,21,0.35,m,off,N,,,,,
Myrmotherula hauxwelli,P02_AJRC13,Huevos 28-30 Septiembre,0359-0362,,18-Sep-13,11,14:34:38,14:35:00,0:00:22,0.3,0.005,m,visita,N,,,,,
Myrmotherula hauxwelli,P02_AJRC13,Huevos 28-30 Septiembre,0362-0412,,18-Sep-13,11,14:35:00,15:25:00,0:50:00,50,0.833333333,m,on,N,,,,,
Myrmotherula hauxwelli,P02_AJRC13,Huevos 28-30 Septiembre,0412-0436,5,18-Sep-13,11,15:25:00,15:46:00,0:21:00,21,0.35,m,off,N,,,,,
Myrmotherula hauxwelli,P02_AJRC13,Huevos 28-30 Septiembre,0432-0436,,18-Sep-13,11,15:45:00,15:46:00,0:01:00,1,0.016666667,f,visita,N,,,,,
Myrmotherula hauxwelli,P02_AJRC13,Huevos 28-30 Septiembre,0436-0454,,18-Sep-13,11,15:46:00,16:04:00,0:18:00,18,0.3,f,on,N,,,,,
Myrmotherula hauxwelli,P02_AJRC13,Huevos 28-30 Septiembre,0454-0470,3,18-Sep-13,11,16:04:00,16:11:00,0:07:00,7,0.116666667,f,off,N,,,,,
Myrmotherula hauxwelli,P02_AJRC13,Huevos 28-30 Septiembre,0461-0470,,18-Sep-13,11,16:10:43,16:11:00,0:00:17,0.25,0.004166667,f,visita,N,,,,,
Myrmotherula hauxwelli,P02_AJRC13,Huevos 28-30 Septiembre,0470-0483,,18-Sep-13,11,16:11:00,16:24:00,0:13:00,13,0.216666667,f,on,N,,,,,
Myrmotherula hauxwelli,P02_AJRC13,Huevos 28-30 Septiembre,0483-0491,4,18-Sep-13,11,16:24:00,16:26:00,0:02:00,2,0.033333333,f,off,N,,,,,
Myrmotherula hauxwelli,P02_AJRC13,Huevos 28-30 Septiembre,0488-0491,,18-Sep-13,11,16:25:15,16:26:00,0:00:45,0.75,0.0125,m,visita,N,,,,alimento en el pico,
Myrmotherula hauxwelli,P02_AJRC13,Huevos 28-30 Septiembre,0491-0519,,18-Sep-13,11,16:26:00,16:54:00,0:28:00,28,0.466666667,m,on,N,,,,,
Myrmotherula hauxwelli,P02_AJRC13,Huevos 28-30 Septiembre,0519-0556,6,18-Sep-13,11,16:54:00,17:31:00,0:37:00,37,0.616666667,m,off,N,,,,,
Myrmotherula hauxwelli,P02_AJRC13,Huevos 28-30 Septiembre,0556-1307,,18-Sep-13,11,17:31:00,0:00:00,6:29:00,389,6.483333333,f,on,Y,,,,incubación nocturna,
Myrmotherula hauxwelli,P02_AJRC13,Huevos 28-30 Septiembre,0556-1307,,19-Sep-13,12,0:00:00,6:02:00,6:02:00,362,6.033333333,f,on,Y,,,,incubación nocturna,
Myrmotherula hauxwelli,P02_AJRC13,Huevos 28-30 Septiembre,1307-1311,1,19-Sep-13,12,6:02:00,6:03:00,0:01:00,1,0.016666667,f,off,N,,,,,
Myrmotherula hauxwelli,P02_AJRC13,Huevos 28-30 Septiembre,1308-1311,,19-Sep-13,12,6:02:05,6:03:00,0:00:55,0.91,0.015166667,m,visita,N,,,,,
Myrmotherula hauxwelli,P02_AJRC13,Huevos 28-30 Septiembre,1311-1393,,19-Sep-13,12,6:03:00,7:25:00,1:22:00,82,1.366666667,m,on,N,,,,,
Myrmotherula hauxwelli,P02_AJRC13,Huevos 28-30 Septiembre,1393-1430,1,19-Sep-13,12,7:25:00,7:56:00,0:31:00,31,0.516666667,m,off,N,,,,,
Myrmotherula hauxwelli,P02_AJRC13,Huevos 28-30 Septiembre,1424-1430,,19-Sep-13,12,7:55:40,7:56:00,0:00:20,0.3,0.005,f,visita,N,,,,,
Myrmotherula hauxwelli,P02_AJRC13,Huevos 28-30 Septiembre,1430-1471,,19-Sep-13,12,7:56:00,8:37:00,0:41:00,41,0.683333333,f,on,N,,,,,
Myrmotherula hauxwelli,P02_AJRC13,Huevos 28-30 Septiembre,1471-1483,2,19-Sep-13,12,8:37:00,8:46:00,0:09:00,9,0.15,f,off,N,,,,,
Myrmotherula hauxwelli,P02_AJRC13,Huevos 28-30 Septiembre,1480-1483,,19-Sep-13,12,8:45:23,8:46:00,0:00:37,0.6,0.01,m,visita,N,,,,,
Myrmotherula hauxwelli,P02_AJRC13,Huevos 28-30 Septiembre,1483-1573,,19-Sep-13,12,8:46:00,10:16:00,1:30:00,90,1.5,m,on,N,,,,,
Myrmotherula hauxwelli,P02_AJRC13,Huevos 28-30 Septiembre,1573-1605,2,19-Sep-13,12,10:16:00,10:42:00,0:26:00,26,0.433333333,m,off,N,,,,,
Myrmotherula hauxwelli,P02_AJRC13,Huevos 28-30 Septiembre,1598-1605,,19-Sep-13,12,10:41:00,10:42:00,0:01:00,1,0.016666667,m,visita,N,,,,,
Myrmotherula hauxwelli,P02_AJRC13,Huevos 28-30 Septiembre,1605-1632,,19-Sep-13,12,10:42:00,11:09:00,0:27:00,27,0.45,m,on,N,,,,,
Myrmotherula hauxwelli,P02_AJRC13,Huevos 28-30 Septiembre,1632-1648,3,19-Sep-13,12,11:09:00,11:13:00,0:04:00,4,0.066666667,m,off,N,,,,,
Myrmotherula hauxwelli,P02_AJRC13,Huevos 28-30 Septiembre,1635-1648,,19-Sep-13,12,11:11:31,11:13:00,0:01:29,1.5,0.025,f,visita,N,,,,,
Myrmotherula hauxwelli,P02_AJRC13,Huevos 28-30 Septiembre,1648-1788,,19-Sep-13,12,11:13:00,13:33:00,2:20:00,140,2.333333333,f,on,N,,,,,
Myrmotherula hauxwelli,P02_AJRC13,Huevos 28-30 Septiembre,1788-1826,3,19-Sep-13,12,13:33:00,14:05:00,0:32:00,32,0.533333333,f,off,N,,,,,
Myrmotherula hauxwelli,P02_AJRC13,Huevos 28-30 Septiembre,1819-1826,,19-Sep-13,12,14:03:56,14:05:00,0:01:04,1.1,0.018333333,m,visita,N,,,,,
Myrmotherula hauxwelli,P02_AJRC13,Huevos 28-30 Septiembre,1826-1860,,19-Sep-13,12,14:05:00,14:39:00,0:34:00,34,0.566666667,m,on,N,,,,,
Myrmotherula hauxwelli,P02_AJRC13,Huevos 28-30 Septiembre,1860-1890,4,19-Sep-13,12,14:39:00,15:06:00,0:27:00,27,0.45,m,off,N,,,,,
Myrmotherula hauxwelli,P02_AJRC13,Huevos 28-30 Septiembre,1887-1890,,19-Sep-13,12,15:05:54,15:06:00,0:00:06,0.1,0.001666667,m,visita,N,,,,,
Myrmotherula hauxwelli,P02_AJRC13,Huevos 28-30 Septiembre,1890-1906,,19-Sep-13,12,15:06:00,15:22:00,0:16:00,16,0.266666667,m,on,N,,,,,
Myrmotherula hauxwelli,P02_AJRC13,Huevos 28-30 Septiembre,1906-1914,5,19-Sep-13,12,15:22:00,15:24:00,0:02:00,2,0.033333333,m,off,N,,,,,
Myrmotherula hauxwelli,P02_AJRC13,Huevos 28-30 Septiembre,1907-1914,,19-Sep-13,12,15:22:52,15:24:00,0:01:08,1.11,0.0185,f,visita,N,,,,,
Myrmotherula hauxwelli,P02_AJRC13,Huevos 28-30 Septiembre,1914-1993,,19-Sep-13,12,15:24:00,16:43:00,1:19:00,79,1.316666667,f,on,N,,,,,
Myrmotherula hauxwelli,P02_AJRC13,Huevos 28-30 Septiembre,1993-1999,4,19-Sep-13,12,16:43:00,16:46:00,0:03:00,3,0.05,f,off,N,,,,,
Myrmotherula hauxwelli,P02_AJRC13,Huevos 28-30 Septiembre,1995-1999,,19-Sep-13,12,16:44:47,16:46:00,0:01:13,1.2,0.02,m,visita,N,,,,,
Myrmotherula hauxwelli,P02_AJRC13,Huevos 28-30 Septiembre,1999-2026,,19-Sep-13,12,16:46:00,17:13:00,0:27:00,27,0.45,m,on,N,,,,,
Myrmotherula hauxwelli,P02_AJRC13,Huevos 28-30 Septiembre,2026-2051,6,19-Sep-13,12,17:13:00,17:29:00,0:16:00,16,0.266666667,m,off,N,,,,,
Myrmotherula hauxwelli,P02_AJRC13,Huevos 28-30 Septiembre,2042-2051,,19-Sep-13,12,17:28:30,17:29:00,0:00:30,0.5,0.008333333,f,visita,N,,,,,
Myrmotherula hauxwelli,P02_AJRC13,Huevos 28-30 Septiembre,2051-2822,,19-Sep-13,12,17:29:00,0:00:00,6:31:00,391,6.516666667,f,on,Y,,,,incubación nocturna,
Myrmotherula hauxwelli,P02_AJRC13,Huevos 28-30 Septiembre,2051-2822,,20-Sep-13,13,0:00:00,6:17:00,6:17:00,377,6.283333333,f,on,Y,,,,incubación nocturna,
Myrmotherula hauxwelli,P02_AJRC13,Huevos 28-30 Septiembre,2822-2824,1,20-Sep-13,13,6:17:00,6:19:00,0:02:00,2,0.033333333,f,off,N,,,,,
Myrmotherula hauxwelli,P02_AJRC13,Huevos 28-30 Septiembre,2824-2888,,20-Sep-13,13,6:19:00,7:23:00,1:04:00,64,1.066666667,m,on,N,,,,,
Myrmotherula hauxwelli,P02_AJRC13,Huevos 28-30 Septiembre,2888-3006,1,20-Sep-13,13,7:23:00,9:18:00,1:55:00,115,1.916666667,m,off,N,,,,,
Myrmotherula hauxwelli,P02_AJRC13,Huevos 28-30 Septiembre,3003-3006,,20-Sep-13,13,9:17:28,9:18:00,0:00:32,0.5,0.008333333,m,visita,N,,,,,
Myrmotherula hauxwelli,P02_AJRC13,Huevos 28-30 Septiembre,3006-3011,,20-Sep-13,13,9:18:00,9:23:00,0:05:00,5,0.083333333,m,on,N,,,,,
Myrmotherula hauxwelli,P02_AJRC13,Huevos 28-30 Septiembre,3011-3031,2,20-Sep-13,13,9:23:00,9:34:00,0:11:00,11,0.183333333,m,off,N,,,,,
Myrmotherula hauxwelli,P02_AJRC13,Huevos 28-30 Septiembre,3021-3031,,20-Sep-13,13,9:33:00,9:34:00,0:01:00,1,0.016666667,f,visita,N,,,,,
Myrmotherula hauxwelli,P02_AJRC13,Huevos 28-30 Septiembre,3031-3058,,20-Sep-13,13,9:34:00,10:01:00,0:27:00,27,0.45,f,on,N,,,,,
Myrmotherula hauxwelli,P02_AJRC13,Huevos 28-30 Septiembre,3058-3078,2,20-Sep-13,13,10:01:00,10:12:00,0:11:00,11,0.183333333,f,off,N,,,,,
Myrmotherula hauxwelli,P02_AJRC13,Huevos 28-30 Septiembre,3070-3078,,20-Sep-13,13,10:10:54,10:12:00,0:01:06,1.1,0.018333333,f,visita,N,,,,,
Myrmotherula hauxwelli,P02_AJRC13,Huevos 28-30 Septiembre,3078-3107,,20-Sep-13,13,10:12:00,10:41:00,0:29:00,29,0.483333333,f,on,N,,,,,
Myrmotherula hauxwelli,P02_AJRC13,Huevos 28-30 Septiembre,3107-3125,3,20-Sep-13,13,10:41:00,10:59:00,0:18:00,18,0.3,f,off,N,,,,,
Myrmotherula hauxwelli,P02_AJRC13,Huevos 28-30 Septiembre,3125-3270,,20-Sep-13,13,10:59:00,13:24:00,2:25:00,145,2.416666667,m,on,N,,,,,
Myrmotherula hauxwelli,P02_AJRC13,Huevos 28-30 Septiembre,3270-3405,3,20-Sep-13,13,13:24:00,15:33:00,2:09:00,129,2.15,m,off,N,,,,,
Myrmotherula hauxwelli,P02_AJRC13,Huevos 28-30 Septiembre,3398-3405,,20-Sep-13,13,15:31:51,15:33:00,0:01:09,1.15,0.019166667,f,visita,N,,,,,
Myrmotherula hauxwelli,P02_AJRC13,Huevos 28-30 Septiembre,3405-3451,,20-Sep-13,13,15:33:00,16:19:00,0:46:00,46,0.766666667,f,on,N,,,,,
Myrmotherula hauxwelli,P02_AJRC13,Huevos 28-30 Septiembre,3451-3458,4,20-Sep-13,13,16:19:00,16:20:00,0:01:00,1,0.016666667,f,off,N,,,,,
Myrmotherula hauxwelli,P02_AJRC13,Huevos 28-30 Septiembre,3452-3458,,20-Sep-13,13,16:19:15,16:20:00,0:00:45,0.75,0.0125,m,visita,N,,,,,
Myrmotherula hauxwelli,P02_AJRC13,Huevos 28-30 Septiembre,3458-3494,,20-Sep-13,13,16:20:00,16:53:00,0:33:00,33,0.55,m,on,N,,,,,
Myrmotherula hauxwelli,P02_AJRC13,Huevos 28-30 Septiembre,3494-3525,4,20-Sep-13,13,16:53:00,17:21:00,0:28:00,28,0.466666667,m,off,N,,,,,
Myrmotherula hauxwelli,P02_AJRC13,Huevos 28-30 Septiembre,3522-3525,,20-Sep-13,13,17:20:33,17:21:00,0:00:27,0.45,0.0075,f,visita,N,,,,,
Myrmotherula hauxwelli,P02_AJRC13,Huevos 28-30 Septiembre,3525-4302,,20-Sep-13,13,17:21:00,0:00:00,6:39:00,399,6.65,f,on,Y,,,,incubación nocturna,
Myrmotherula hauxwelli,P02_AJRC13,Huevos 28-30 Septiembre,3525-4302,,21-Sep-13,14,0:00:00,6:18:00,6:18:00,378,6.3,f,on,Y,,,,incubación nocturna,
Myrmotherula hauxwelli,P02_AJRC13,Huevos 28-30 Septiembre,4302-4304,1,21-Sep-13,14,6:18:00,6:20:00,0:02:00,2,0.033333333,f,off,N,,,,,
Myrmotherula hauxwelli,P02_AJRC13,Huevos 28-30 Septiembre,4304-4330,,21-Sep-13,14,6:20:00,6:46:00,0:26:00,26,0.433333333,m,on,N,,,,,
Myrmotherula hauxwelli,P02_AJRC13,Huevos 28-30 Septiembre,4330-4383,1,21-Sep-13,14,6:46:00,7:36:00,0:50:00,50,0.833333333,m,off,N,,,,,
Myrmotherula hauxwelli,P02_AJRC13,Huevos 28-30 Septiembre,4380-4383,,21-Sep-13,14,7:35:42,7:36:00,0:00:18,0.3,0.005,m,visita,N,,,,,
Myrmotherula hauxwelli,P02_AJRC13,Huevos 28-30 Septiembre,4383-4441,,21-Sep-13,14,7:36:00,8:34:00,0:58:00,58,0.966666667,m,on,N,,,,,
Myrmotherula hauxwelli,P02_AJRC13,Huevos 28-30 Septiembre,4441-4473,2,21-Sep-13,14,8:34:00,9:00:00,0:26:00,26,0.433333333,m,off,N,,,,,
Myrmotherula hauxwelli,P02_AJRC13,Huevos 28-30 Septiembre,4466-4473,,21-Sep-13,14,8:58:25,9:00:00,0:01:35,1.6,0.026666667,m,visita,N,,,,,
Myrmotherula hauxwelli,P02_AJRC13,Huevos 28-30 Septiembre,4473-4606,,21-Sep-13,14,9:00:00,11:13:00,2:13:00,133,2.216666667,m,on,N,,,,,
Myrmotherula hauxwelli,P02_AJRC13,Huevos 28-30 Septiembre,4606-4649,3,21-Sep-13,14,11:13:00,11:47:00,0:34:00,34,0.566666667,m,off,N,,,,,
Myrmotherula hauxwelli,P02_AJRC13,Huevos 28-30 Septiembre,4640-4649,,21-Sep-13,14,11:46:20,11:47:00,0:00:40,0.66,0.011,f,visita,N,,,,,
Myrmotherula hauxwelli,P02_AJRC13,Huevos 28-30 Septiembre,4649-4658,,21-Sep-13,14,11:47:00,11:56:00,0:09:00,9,0.15,f,on,N,,,,,
Myrmotherula hauxwelli,P02_AJRC13,Huevos 28-30 Septiembre,4658-4674,2,21-Sep-13,14,11:56:00,12:03:00,0:07:00,7,0.116666667,f,off,N,,,,,
Myrmotherula hauxwelli,P02_AJRC13,Huevos 28-30 Septiembre,4664-4674,,21-Sep-13,14,12:01:40,12:03:00,0:01:20,1.3,0.021666667,f,visita,N,,,,,
Myrmotherula hauxwelli,P02_AJRC13,Huevos 28-30 Septiembre,4674-4750,,21-Sep-13,14,12:03:00,13:19:00,1:16:00,76,1.266666667,f,on,N,,,,,
Myrmotherula hauxwelli,P02_AJRC13,Huevos 28-30 Septiembre,4750-4782,3,21-Sep-13,14,13:19:00,13:48:00,0:29:00,29,0.483333333,f,off,N,,,,,
Myrmotherula hauxwelli,P02_AJRC13,Huevos 28-30 Septiembre,4778-4782,,21-Sep-13,14,13:46:41,13:48:00,0:01:19,1.3,0.021666667,m,visita,N,,,,,
Myrmotherula hauxwelli,P02_AJRC13,Huevos 28-30 Septiembre,4782-4886,,21-Sep-13,14,13:48:00,15:32:00,1:44:00,104,1.733333333,m,on,N,,,,,
Myrmotherula hauxwelli,P02_AJRC13,Huevos 28-30 Septiembre,4886-4938,4,21-Sep-13,14,15:32:00,16:24:00,0:52:00,52,0.866666667,m,off,N,,,,,
Myrmotherula hauxwelli,P02_AJRC13,Huevos 28-30 Septiembre,4937-4938,,21-Sep-13,14,16:23:00,16:24:00,0:01:00,1,0.016666667,m,visita,N,,,,,
Myrmotherula hauxwelli,P02_AJRC13,Huevos 28-30 Septiembre,4938-4947,,21-Sep-13,14,16:24:00,16:33:00,0:09:00,9,0.15,m,on,N,,,,,
Myrmotherula hauxwelli,P02_AJRC13,Huevos 28-30 Septiembre,4947-4959,5,21-Sep-13,14,16:33:00,16:36:00,0:03:00,3,0.05,m,off,N,,,,,
Myrmotherula hauxwelli,P02_AJRC13,Huevos 28-30 Septiembre,4951-4959,,21-Sep-13,14,16:34:00,16:36:00,0:02:00,2,0.033333333,f,visita,N,,,,,
Myrmotherula hauxwelli,P02_AJRC13,Huevos 28-30 Septiembre,4959-4987,,21-Sep-13,14,16:36:00,17:04:00,0:28:00,28,0.466666667,f,on,N,,,,,
Myrmotherula hauxwelli,P02_AJRC13,Huevos 28-30 Septiembre,4987-5022,4,21-Sep-13,14,17:04:00,17:33:00,0:29:00,29,0.483333333,f,off,N,,,,,
Myrmotherula hauxwelli,P02_AJRC13,Huevos 28-30 Septiembre,5016-5022,,21-Sep-13,14,17:32:27,17:33:00,0:00:33,0.51,0.0085,f,visita,N,,,,,
Myrmotherula hauxwelli,P02_AJRC13,Huevos 28-30 Septiembre,5022-5823,,21-Sep-13,14,17:33:00,0:00:00,6:27:00,387,6.45,f,on,Y,,,,incubación nocturna,
Myrmotherula hauxwelli,P02_AJRC13,Huevos 28-30 Septiembre,5022-5823,,22-Sep-13,15,0:00:00,6:54:00,6:54:00,414,6.9,f,on,Y,,,,incubación nocturna,
Myrmotherula hauxwelli,P02_AJRC13,Huevos 28-30 Septiembre,5823-5829,1,22-Sep-13,15,6:54:00,6:57:00,0:03:00,3,0.05,f,off,N,,,,,
Myrmotherula hauxwelli,P02_AJRC13,Huevos 28-30 Septiembre,5826-5829,,22-Sep-13,15,6:56:38,6:57:00,0:00:22,0.3,0.005,m,visita,N,,,,,
Myrmotherula hauxwelli,P02_AJRC13,Huevos 28-30 Septiembre,5829-5965,,22-Sep-13,15,6:57:00,9:13:00,2:16:00,136,2.266666667,m,on,N,,,,,
Myrmotherula hauxwelli,P02_AJRC13,Huevos 28-30 Septiembre,5965-6026,1,22-Sep-13,15,9:13:00,10:08:00,0:55:00,55,0.916666667,m,off,N,,,,,
Myrmotherula hauxwelli,P02_AJRC13,Huevos 28-30 Septiembre,6016-6026,,22-Sep-13,15,10:04:00,10:08:00,0:04:00,4,0.066666667,m,visita,N,,,,,
Myrmotherula hauxwelli,P02_AJRC13,Huevos 28-30 Septiembre,6026-6104,,22-Sep-13,15,10:08:00,11:26:00,1:18:00,78,1.3,m,on,N,,,,,
Myrmotherula hauxwelli,P02_AJRC13,Huevos 28-30 Septiembre,6104-6115,2,22-Sep-13,15,11:26:00,11:28:00,0:02:00,2,0.033333333,m,off,N,,,,,
Myrmotherula hauxwelli,P02_AJRC13,Huevos 28-30 Septiembre,6105-6115,,22-Sep-13,15,11:26:34,11:28:00,0:01:26,1.35,0.0225,f,visita,N,,,,,
Myrmotherula hauxwelli,P02_AJRC13,Huevos 28-30 Septiembre,6115-6140,,22-Sep-13,15,11:28:00,11:53:00,0:25:00,25,0.416666667,f,on,N,,,,,
Myrmotherula hauxwelli,P02_AJRC13,Huevos 28-30 Septiembre,6140-6150,2,22-Sep-13,15,11:53:00,12:00:00,0:07:00,7,0.116666667,f,off,N,,,,,
Myrmotherula hauxwelli,P02_AJRC13,Huevos 28-30 Septiembre,6146-6150,,22-Sep-13,15,11:58:54,12:00:00,0:01:06,1.1,0.018333333,f,visita,N,,,,,
Myrmotherula hauxwelli,P02_AJRC13,Huevos 28-30 Septiembre,6150-6300,,22-Sep-13,15,12:00:00,14:30:00,2:30:00,150,2.5,f,on,N,,,,,
Myrmotherula hauxwelli,P02_AJRC13,Huevos 28-30 Septiembre,6300-6360,3,22-Sep-13,15,14:30:00,15:27:00,0:57:00,57,0.95,f,off,N,,,,,
Myrmotherula hauxwelli,P02_AJRC13,Huevos 28-30 Septiembre,6357-6360,,22-Sep-13,15,15:26:43,15:27:00,0:00:17,0.28,0.004666667,m,visita,N,,,,,
Myrmotherula hauxwelli,P02_AJRC13,Huevos 28-30 Septiembre,6360-6435,,22-Sep-13,15,15:27:00,16:42:00,1:15:00,75,1.25,m,on,N,,,,,
Myrmotherula hauxwelli,P02_AJRC13,Huevos 28-30 Septiembre,6435-6491,3,22-Sep-13,15,16:42:00,17:26:00,0:44:00,44,0.733333333,m,off,N,,,,,
Myrmotherula hauxwelli,P02_AJRC13,Huevos 28-30 Septiembre,6476-6491,,22-Sep-13,15,17:23:00,17:26:00,0:03:00,3,0.05,f,visita,N,,,,,
Myrmotherula hauxwelli,P02_AJRC13,Huevos 28-30 Septiembre,6491-7250,,22-Sep-13,15,17:26:00,0:00:00,6:34:00,394,6.566666667,f,on,Y,,,,incubación nocturna,
Myrmotherula hauxwelli,P02_AJRC13,Huevos 28-30 Septiembre,6491-7250,,23-Sep-13,16,0:00:00,6:05:00,6:05:00,365,6.083333333,f,on,Y,,,,incubación nocturna,
Myrmotherula hauxwelli,P02_AJRC13,Huevos 28-30 Septiembre,7250-7252,1,23-Sep-13,16,6:05:00,6:07:00,0:02:00,2,0.033333333,f,off,N,,,,,
Myrmotherula hauxwelli,P02_AJRC13,Huevos 28-30 Septiembre,7252-7289,,23-Sep-13,16,6:07:00,6:44:00,0:37:00,37,0.616666667,m,on,N,,,,fin de carpeta,
Myrmotherula hauxwelli,P02_AJRC13,Huevos 28-30 Septiembre,0001-0012,1,24-Sep-13,17,8:20:40,8:29:00,0:08:20,8.3,0.138333333,,off,N,,,,monitoreo e inicio de carpeta,
Myrmotherula hauxwelli,P02_AJRC13,Huevos 28-30 Septiembre,0012-0050,,24-Sep-13,17,8:29:00,9:07:00,0:38:00,38,0.633333333,f,on,N,,,,,
Myrmotherula hauxwelli,P02_AJRC13,Huevos 28-30 Septiembre,0050-0054,2,24-Sep-13,17,9:07:00,9:08:00,0:01:00,1,0.016666667,f,off,N,,,,,
Myrmotherula hauxwelli,P02_AJRC13,Huevos 28-30 Septiembre,0051-0054,,24-Sep-13,17,9:07:37,9:08:00,0:00:23,0.3,0.005,m,visita,N,,,,,
Myrmotherula hauxwelli,P02_AJRC13,Huevos 28-30 Septiembre,0054-0127,,24-Sep-13,17,9:08:00,10:21:00,1:13:00,73,1.216666667,m,on,N,,,,,
Myrmotherula hauxwelli,P02_AJRC13,Huevos 28-30 Septiembre,0127-0142,2,24-Sep-13,17,10:21:00,10:33:00,0:12:00,12,0.2,m,off,N,,,,,
Myrmotherula hauxwelli,P02_AJRC13,Huevos 28-30 Septiembre,0138-0142,,24-Sep-13,17,10:31:26,10:33:00,0:01:34,1.51,0.025166667,f,visita,N,,,,,
Myrmotherula hauxwelli,P02_AJRC13,Huevos 28-30 Septiembre,0142-0179,,24-Sep-13,17,10:33:00,11:09:37,0:36:37,36.6,0.61,f,on,N,,,,,
Myrmotherula hauxwelli,P02_AJRC13,Huevos 28-30 Septiembre,0179-0182,3,24-Sep-13,17,11:09:37,11:10:00,0:00:23,0.38,0.006333333,f,off,N,,,,,
Myrmotherula hauxwelli,P02_AJRC13,Huevos 28-30 Septiembre,0179-0182,,24-Sep-13,17,11:09:37,11:10:00,0:00:23,0.38,0.006333333,m,visita,N,,,,,
Myrmotherula hauxwelli,P02_AJRC13,Huevos 28-30 Septiembre,0182-0222,,24-Sep-13,17,11:10:00,11:50:00,0:40:00,40,0.666666667,m,on,N,,,,,
Myrmotherula hauxwelli,P02_AJRC13,Huevos 28-30 Septiembre,0222-0228,3,24-Sep-13,17,11:50:00,11:53:00,0:03:00,3,0.05,m,off,N,,,,,
Myrmotherula hauxwelli,P02_AJRC13,Huevos 28-30 Septiembre,0225-0228,,24-Sep-13,17,11:52:38,11:53:00,0:00:22,0.3,0.005,f,visita,N,,,,,
Myrmotherula hauxwelli,P02_AJRC13,Huevos 28-30 Septiembre,0228-0246,,24-Sep-13,17,11:53:00,12:11:00,0:18:00,18,0.3,f,on,N,,,,,
Myrmotherula hauxwelli,P02_AJRC13,Huevos 28-30 Septiembre,0246-0265,4,24-Sep-13,17,12:11:00,12:30:00,0:19:00,19,0.316666667,f,off,N,,,,,
Myrmotherula hauxwelli,P02_AJRC13,Huevos 28-30 Septiembre,0265-0406,,24-Sep-13,17,12:30:00,14:51:00,2:21:00,141,2.35,f,on,N,,,,,
Myrmotherula hauxwelli,P02_AJRC13,Huevos 28-30 Septiembre,0405-0406,5,24-Sep-13,17,14:50:00,14:51:00,0:01:00,1,0.016666667,f,off,N,,,,,
Myrmotherula hauxwelli,P02_AJRC13,Huevos 28-30 Septiembre,0406-0472,,24-Sep-13,17,14:51:00,15:37:00,0:46:00,46,0.766666667,m,on,N,,,,,
Myrmotherula hauxwelli,P02_AJRC13,Huevos 28-30 Septiembre,0472-0491,4,24-Sep-13,17,15:37:00,16:13:00,0:36:00,36,0.6,m,off,N,,,,,
Myrmotherula hauxwelli,P02_AJRC13,Huevos 28-30 Septiembre,0488-0491,,24-Sep-13,17,16:12:10,16:13:00,0:00:50,0.83,0.013833333,m,visita,N,,,,,
Myrmotherula hauxwelli,P02_AJRC13,Huevos 28-30 Septiembre,0491-0517,,24-Sep-13,17,16:13:00,16:39:00,0:26:00,26,0.433333333,m,on,N,,,,,
Myrmotherula hauxwelli,P02_AJRC13,Huevos 28-30 Septiembre,0517-0564,5,24-Sep-13,17,16:39:00,17:36:00,0:57:00,57,0.95,m,off,N,,,,,
Myrmotherula hauxwelli,P02_AJRC13,Huevos 28-30 Septiembre,0564-1328,,24-Sep-13,17,17:36:00,0:00:00,6:24:00,384,6.4,f,on,Y,,,,incubación nocturna,
Myrmotherula hauxwelli,P02_AJRC13,Huevos 28-30 Septiembre,0564-1328,,25-Sep-13,18,0:00:00,6:10:00,6:10:00,370,6.166666667,f,on,Y,,,,incubación nocturna,
Myrmotherula hauxwelli,P02_AJRC13,Huevos 28-30 Septiembre,1328-1329,1,25-Sep-13,18,6:10:00,6:11:00,0:01:00,1,0.016666667,f,off,N,,,,,
Myrmotherula hauxwelli,P02_AJRC13,Huevos 28-30 Septiembre,1329-1396,,25-Sep-13,18,6:11:00,7:18:00,1:07:00,67,1.116666667,m,on,N,,,,,
Myrmotherula hauxwelli,P02_AJRC13,Huevos 28-30 Septiembre,1396-1417,1,25-Sep-13,18,7:18:00,7:39:00,0:21:00,21,0.35,m,off,N,,,,,
Myrmotherula hauxwelli,P02_AJRC13,Huevos 28-30 Septiembre,1417-1465,,25-Sep-13,18,7:39:00,8:27:00,0:48:00,48,0.8,f,on,N,,,,,
Myrmotherula hauxwelli,P02_AJRC13,Huevos 28-30 Septiembre,1465-1475,2,25-Sep-13,18,8:27:00,8:37:00,0:10:00,10,0.166666667,f,off,N,,,,,
Myrmotherula hauxwelli,P02_AJRC13,Huevos 28-30 Septiembre,1475-1536,,25-Sep-13,18,8:37:00,9:38:00,1:01:00,61,1.016666667,f,on,N,,,,,
Myrmotherula hauxwelli,P02_AJRC13,Huevos 28-30 Septiembre,1536-1540,3,25-Sep-13,18,9:38:00,9:39:00,0:01:00,1,0.016666667,f,off,N,,,,,
Myrmotherula hauxwelli,P02_AJRC13,Huevos 28-30 Septiembre,1536-1540,,25-Sep-13,18,9:38:00,9:39:00,0:01:00,1,0.016666667,m,visita,N,,,,,
Myrmotherula hauxwelli,P02_AJRC13,Huevos 28-30 Septiembre,1540-1621,,25-Sep-13,18,9:39:00,11:00:00,1:21:00,81,1.35,m,on,N,,,,,
Myrmotherula hauxwelli,P02_AJRC13,Huevos 28-30 Septiembre,1621-1668,2,25-Sep-13,18,11:00:00,11:47:00,0:47:00,47,0.783333333,m,off,N,,,,,
Myrmotherula hauxwelli,P02_AJRC13,Huevos 28-30 Septiembre,1668-1699,,25-Sep-13,18,11:47:00,12:17:00,0:30:00,30,0.5,m,on,N,,,,,
Myrmotherula hauxwelli,P02_AJRC13,Huevos 28-30 Septiembre,1699-1711,3,25-Sep-13,18,12:17:00,12:21:00,0:04:00,4,0.066666667,m,off,N,,,,,
Myrmotherula hauxwelli,P02_AJRC13,Huevos 28-30 Septiembre,1700-1711,,25-Sep-13,18,12:18:05,12:21:00,0:02:55,2.9,0.048333333,f,visita,N,,,,,
Myrmotherula hauxwelli,P02_AJRC13,Huevos 28-30 Septiembre,1711-1842,,25-Sep-13,18,12:21:00,14:32:00,2:11:00,131,2.183333333,f,on,N,,,,,
Myrmotherula hauxwelli,P02_AJRC13,Huevos 28-30 Septiembre,1842-1844,4,25-Sep-13,18,14:32:00,14:34:00,0:02:00,2,0.033333333,f,off,N,,,,,
Myrmotherula hauxwelli,P02_AJRC13,Huevos 28-30 Septiembre,1844-1883,,25-Sep-13,18,14:34:00,15:13:00,0:39:00,39,0.65,m,on,N,,,,,
Myrmotherula hauxwelli,P02_AJRC13,Huevos 28-30 Septiembre,1883-1932,4,25-Sep-13,18,15:13:00,16:02:00,0:49:00,49,0.816666667,m,off,N,,,,,
Myrmotherula hauxwelli,P02_AJRC13,Huevos 28-30 Septiembre,1931-1932,,25-Sep-13,18,16:01:00,16:02:00,0:01:00,1,0.016666667,f,visita,N,,,,,
Myrmotherula hauxwelli,P02_AJRC13,Huevos 28-30 Septiembre,1932-1983,,25-Sep-13,18,16:02:00,16:53:00,0:51:00,51,0.85,f,on,N,,,,,
Myrmotherula hauxwelli,P02_AJRC13,Huevos 28-30 Septiembre,1983-2013,5,25-Sep-13,18,16:53:00,17:20:00,0:27:00,27,0.45,f,off,N,,,,,
Myrmotherula hauxwelli,P02_AJRC13,Huevos 28-30 Septiembre,2013-2775,,25-Sep-13,18,17:20:00,0:00:00,6:40:00,400,6.666666667,f,on,Y,,,,incubación nocturna,
Myrmotherula hauxwelli,P02_AJRC13,Huevos 28-30 Septiembre,2013-2775,,26-Sep-13,19,0:00:00,5:59:00,5:59:00,359,5.983333333,f,on,Y,,,,incubación nocturna,
Myrmotherula hauxwelli,P02_AJRC13,Huevos 28-30 Septiembre,2775-2797,1,26-Sep-13,19,5:59:00,6:18:00,0:19:00,19,0.316666667,f,off,N,,,,,
Myrmotherula hauxwelli,P02_AJRC13,Huevos 28-30 Septiembre,2794-2797,,26-Sep-13,19,6:17:34,6:18:00,0:00:26,0.36,0.006,m,visita,N,,,,,
Myrmotherula hauxwelli,P02_AJRC13,Huevos 28-30 Septiembre,2797-2809,,26-Sep-13,19,6:18:00,6:30:00,0:12:00,12,0.2,m,on,N,,,,,
Myrmotherula hauxwelli,P02_AJRC13,Huevos 28-30 Septiembre,2809-2818,1,26-Sep-13,19,6:30:00,6:39:00,0:09:00,9,0.15,m,off,N,,,,,
Myrmotherula hauxwelli,P02_AJRC13,Huevos 28-30 Septiembre,2818-2875,,26-Sep-13,19,6:39:00,7:36:00,0:57:00,57,0.95,m,on,N,,,,,
Myrmotherula hauxwelli,P02_AJRC13,Huevos 28-30 Septiembre,2875-2921,2,26-Sep-13,19,7:36:00,8:22:00,0:46:00,46,0.766666667,m,off,N,,,,,
Myrmotherula hauxwelli,P02_AJRC13,Huevos 28-30 Septiembre,2920-2921,,26-Sep-13,19,8:21:00,8:22:00,0:01:00,1,0.016666667,f,visita,N,,,,,
Myrmotherula hauxwelli,P02_AJRC13,Huevos 28-30 Septiembre,2921-2942,,26-Sep-13,19,8:22:00,8:43:00,0:21:00,21,0.35,f,on,N,,,,,
Myrmotherula hauxwelli,P02_AJRC13,Huevos 28-30 Septiembre,2942-2943,2,26-Sep-13,19,8:43:00,8:44:00,0:01:00,1,0.016666667,f,off,N,,,,,
Myrmotherula hauxwelli,P02_AJRC13,Huevos 28-30 Septiembre,2943-3001,,26-Sep-13,19,8:44:00,9:42:00,0:58:00,58,0.966666667,m,on,N,,,,,
Myrmotherula hauxwelli,P02_AJRC13,Huevos 28-30 Septiembre,3001-3198,3,26-Sep-13,19,9:42:00,12:59:00,3:17:00,197,3.283333333,m,off,N,,,,,
Myrmotherula hauxwelli,P02_AJRC13,Huevos 28-30 Septiembre,3197-3198,,26-Sep-13,19,12:58:00,12:59:00,0:01:00,1,0.016666667,f,visita,N,,,,,
Myrmotherula hauxwelli,P02_AJRC13,Huevos 28-30 Septiembre,3198-3263,,26-Sep-13,19,12:59:00,14:04:00,1:05:00,65,1.083333333,f,on,N,,,,,
Myrmotherula hauxwelli,P02_AJRC13,Huevos 28-30 Septiembre,3263-3268,3,26-Sep-13,19,14:04:00,14:06:00,0:02:00,2,0.033333333,f,off,N,,,,,
Myrmotherula hauxwelli,P02_AJRC13,Huevos 28-30 Septiembre,3267-3268,,26-Sep-13,19,14:05:00,14:06:00,0:01:00,1,0.016666667,m,visita,N,,,,,
Myrmotherula hauxwelli,P02_AJRC13,Huevos 28-30 Septiembre,3268-3322,,26-Sep-13,19,14:06:00,15:00:00,0:54:00,54,0.9,m,on,N,,,,,
Myrmotherula hauxwelli,P02_AJRC13,Huevos 28-30 Septiembre,3322-3324,4,26-Sep-13,19,15:00:00,15:02:00,0:02:00,2,0.033333333,m,off,N,,,,,
Myrmotherula hauxwelli,P02_AJRC13,Huevos 28-30 Septiembre,3322-3324,,26-Sep-13,19,15:00:00,15:02:00,0:02:00,2,0.033333333,m,visita,N,,,,,
Myrmotherula hauxwelli,P02_AJRC13,Huevos 28-30 Septiembre,3324-3398,,26-Sep-13,19,15:02:00,16:16:00,1:14:00,74,1.233333333,m,on,N,,,,,
Myrmotherula hauxwelli,P02_AJRC13,Huevos 28-30 Septiembre,3398-3427,5,26-Sep-13,19,16:16:00,16:45:00,0:29:00,29,0.483333333,m,off,N,,,,,
Myrmotherula hauxwelli,P02_AJRC13,Huevos 28-30 Septiembre,3417-3427,,26-Sep-13,19,16:35:00,16:45:00,0:10:00,10,0.166666667,f,visita,N,,,,,
Myrmotherula hauxwelli,P02_AJRC13,Huevos 28-30 Septiembre,3427-3456,,26-Sep-13,19,16:45:00,17:14:00,0:29:00,29,0.483333333,f,on,N,,,,,
Myrmotherula hauxwelli,P02_AJRC13,Huevos 28-30 Septiembre,3456-3472,4,26-Sep-13,19,17:14:00,17:30:00,0:16:00,16,0.266666667,f,off,N,,,,,
Myrmotherula hauxwelli,P02_AJRC13,Huevos 28-30 Septiembre,3472-4216,,26-Sep-13,19,17:30:00,0:00:00,6:30:00,390,6.5,f,on,Y,,,,incubación nocturna,
Myrmotherula hauxwelli,P02_AJRC13,Huevos 28-30 Septiembre,3472-4216,,27-Sep-13,20,0:00:00,5:54:00,5:54:00,354,5.9,f,on,Y,,,,incubación nocturna,
Myrmotherula hauxwelli,P02_AJRC13,Huevos 28-30 Septiembre,4216-4218,5,27-Sep-13,20,5:54:00,5:56:00,0:02:00,2,0.033333333,f,off,N,,,,,
Myrmotherula hauxwelli,P02_AJRC13,Huevos 28-30 Septiembre,4217-4218,,27-Sep-13,20,5:55:00,5:56:00,0:01:00,1,0.016666667,m,visita,N,,,,,
Myrmotherula hauxwelli,P02_AJRC13,Huevos 28-30 Septiembre,4218-4318,,27-Sep-13,20,5:56:00,7:36:00,1:40:00,100,1.666666667,m,on,N,,,,,
Myrmotherula hauxwelli,P02_AJRC13,Huevos 28-30 Septiembre,4318-4327,6,27-Sep-13,20,7:36:00,7:45:00,0:09:00,9,0.15,m,off,N,,,,,
Myrmotherula hauxwelli,P02_AJRC13,Huevos 28-30 Septiembre,4356-4327,,27-Sep-13,20,7:44:00,7:45:00,0:01:00,1,0.016666667,f,visita,N,,,,,
Myrmotherula hauxwelli,P02_AJRC13,Huevos 28-30 Septiembre,4327-4364,,27-Sep-13,20,7:45:00,8:22:00,0:37:00,37,0.616666667,f,on,N,,,,,
Myrmotherula hauxwelli,P02_AJRC13,Huevos 28-30 Septiembre,4364-4399,6,27-Sep-13,20,8:22:00,8:53:00,0:31:00,31,0.516666667,f,off,N,,,,monitoreo,
Myrmotherula hauxwelli,P02_AJRC13,Huevos 28-30 Septiembre,4392-4399,,27-Sep-13,20,8:46:25,8:53:00,0:06:35,6.55,0.109166667,m,visita,N,,,,,
Myrmotherula hauxwelli,P02_AJRC13,Huevos 28-30 Septiembre,4399-4431,,27-Sep-13,20,8:53:00,9:25:00,0:32:00,32,0.533333333,m,on,N,,,,,
Myrmotherula hauxwelli,P02_AJRC13,Huevos 28-30 Septiembre,4431-4435,7,27-Sep-13,20,9:25:00,9:29:00,0:04:00,4,0.066666667,m,off,N,,,,,
Myrmotherula hauxwelli,P02_AJRC13,Huevos 28-30 Septiembre,4431-4435,,27-Sep-13,20,9:25:00,9:29:00,0:04:00,4,0.066666667,f,visita,N,,,,,
Myrmotherula hauxwelli,P02_AJRC13,Huevos 28-30 Septiembre,4435-4506,,27-Sep-13,20,9:29:00,10:40:00,1:11:00,71,1.183333333,f,on,N,,,,,
Myrmotherula hauxwelli,P02_AJRC13,Huevos 28-30 Septiembre,4506-4519,7,27-Sep-13,20,10:40:00,10:50:00,0:10:00,10,0.166666667,f,off,N,,,,,
Myrmotherula hauxwelli,P02_AJRC13,Huevos 28-30 Septiembre,4516-4519,,27-Sep-13,20,10:47:00,10:50:00,0:03:00,3,0.05,f,visita,N,,,,,
Myrmotherula hauxwelli,P02_AJRC13,Huevos 28-30 Septiembre,4519-4523,,27-Sep-13,20,10:50:00,10:53:00,0:03:00,3,0.05,f,on,N,,,,,
Myrmotherula hauxwelli,P02_AJRC13,Huevos 28-30 Septiembre,4523-4525,,27-Sep-13,20,10:54:00,10:56:00,0:02:00,2,0.033333333,m,visita,N,,,,,
Myrmotherula hauxwelli,P02_AJRC13,Huevos 28-30 Septiembre,4525-4544,,27-Sep-13,20,10:56:00,11:15:00,0:19:00,19,0.316666667,m,on,N,,,,,
Myrmotherula hauxwelli,P02_AJRC13,Huevos 28-30 Septiembre,4544-4548,8,27-Sep-13,20,11:15:00,11:19:00,0:04:00,4,0.066666667,m,off,N,,,,,
Myrmotherula hauxwelli,P02_AJRC13,Huevos 28-30 Septiembre,4546-4548,,27-Sep-13,20,11:17:00,11:19:00,0:02:00,2,0.033333333,m,visita,N,,,,,
Myrmotherula hauxwelli,P02_AJRC13,Huevos 28-30 Septiembre,4548-4575,,27-Sep-13,20,11:19:00,11:46:00,0:27:00,27,0.45,m,on,N,,,,,
Myrmotherula hauxwelli,P02_AJRC13,Huevos 28-30 Septiembre,4575-4587,9,27-Sep-13,20,11:46:00,11:58:00,0:12:00,12,0.2,m,off,N,,,,,
Myrmotherula hauxwelli,P02_AJRC13,Huevos 28-30 Septiembre,4585-4587,,27-Sep-13,20,11:56:00,11:58:00,0:02:00,2,0.033333333,m,visita,N,,,,,
Myrmotherula hauxwelli,P02_AJRC13,Huevos 28-30 Septiembre,4587-4610,,27-Sep-13,20,11:58:00,12:21:00,0:23:00,23,0.383333333,m,on,N,,,,,
Myrmotherula hauxwelli,P02_AJRC13,Huevos 28-30 Septiembre,4610-4644,10,27-Sep-13,20,12:21:00,12:49:00,0:28:00,28,0.466666667,m,off,N,,,,,
Myrmotherula hauxwelli,P02_AJRC13,Huevos 28-30 Septiembre,4640-4644,,27-Sep-13,20,12:45:00,12:49:00,0:04:00,4,0.066666667,f,visita,N,,,,,
Myrmotherula hauxwelli,P02_AJRC13,Huevos 28-30 Septiembre,4644-4663,,27-Sep-13,20,12:49:00,13:08:00,0:19:00,19,0.316666667,f,on,N,,,,,
Myrmotherula hauxwelli,P02_AJRC13,Huevos 28-30 Septiembre,4663-4683,8,27-Sep-13,20,13:08:00,13:22:00,0:14:00,14,0.233333333,f,off,N,,,,,
Myrmotherula hauxwelli,P02_AJRC13,Huevos 28-30 Septiembre,4663-4683,,27-Sep-13,20,13:08:00,13:22:00,0:14:00,14,0.233333333,f,visita,N,,,,comportamiento extraño en la base del nido,"Huevo empezo a eclosionar pero el polluelo tenia cascara pegada y aparentemente murio, datos en adelante son muy confusos no usar"
Myrmotherula hauxwelli,P02_AJRC13,Huevos 28-30 Septiembre,4683-4696,,27-Sep-13,20,13:22:00,13:55:00,0:33:00,33,0.55,f,on,N,,,,,
Myrmotherula hauxwelli,P02_AJRC13,Huevos 28-30 Septiembre,4696-4715,9,27-Sep-13,20,13:35:00,13:54:00,0:19:00,19,0.316666667,f,off,N,,,,,
Myrmotherula hauxwelli,P02_AJRC13,Huevos 28-30 Septiembre,4715-4744,,27-Sep-13,20,13:54:00,14:22:00,0:28:00,28,0.466666667,m,on,N,,,,,
Myrmotherula hauxwelli,P02_AJRC13,Huevos 28-30 Septiembre,4744-4753,11,27-Sep-13,20,14:22:00,14:26:00,0:04:00,4,0.066666667,m,off,N,,,,,
Myrmotherula hauxwelli,P02_AJRC13,Huevos 28-30 Septiembre,4747-4753,,27-Sep-13,20,14:22:59,14:26:00,0:03:01,3,0.05,f,visita,N,,,,,
Myrmotherula hauxwelli,P02_AJRC13,Huevos 28-30 Septiembre,4753-4760,,27-Sep-13,20,14:26:00,14:33:00,0:07:00,7,0.116666667,f,on,N,,,,,
Myrmotherula hauxwelli,P02_AJRC13,Huevos 28-30 Septiembre,4760-4764,10,27-Sep-13,20,14:33:00,14:37:00,0:04:00,4,0.066666667,f,off,N,,,,,
Myrmotherula hauxwelli,P02_AJRC13,Huevos 28-30 Septiembre,4760-4764,,27-Sep-13,20,14:33:00,14:37:00,0:04:00,4,0.066666667,m,visita,N,,,,,
Myrmotherula hauxwelli,P02_AJRC13,Huevos 28-30 Septiembre,4764-4790,,27-Sep-13,20,14:37:00,15:03:00,0:26:00,26,0.433333333,m,on,N,,,,,
Myrmotherula hauxwelli,P02_AJRC13,Huevos 28-30 Septiembre,4790-4793,12,27-Sep-13,20,15:03:00,15:06:00,0:03:00,3,0.05,m,off,N,,,,,
Myrmotherula hauxwelli,P02_AJRC13,Huevos 28-30 Septiembre,4790-4793,,27-Sep-13,20,15:03:00,15:06:00,0:03:00,3,0.05,f,visita,N,,,,,
Myrmotherula hauxwelli,P02_AJRC13,Huevos 28-30 Septiembre,4793-4799,,27-Sep-13,20,15:06:00,15:12:00,0:06:00,6,0.1,f,on,N,,,,,
Myrmotherula hauxwelli,P02_AJRC13,Huevos 28-30 Septiembre,4799-4803,11,27-Sep-13,20,15:12:00,15:16:00,0:04:00,4,0.066666667,f,off,N,,,,,
Myrmotherula hauxwelli,P02_AJRC13,Huevos 28-30 Septiembre,4802-4803,,27-Sep-13,20,15:15:00,15:16:00,0:01:00,1,0.016666667,f,visita,N,,,,,
Myrmotherula hauxwelli,P02_AJRC13,Huevos 28-30 Septiembre,4803-4823,,27-Sep-13,20,15:16:00,15:36:00,0:20:00,20,0.333333333,f,on,N,,,,,
Myrmotherula hauxwelli,P02_AJRC13,Huevos 28-30 Septiembre,4823-4887,12,27-Sep-13,20,15:36:00,16:40:00,1:04:00,64,1.066666667,f,off,N,,,,,
Myrmotherula hauxwelli,P02_AJRC13,Huevos 28-30 Septiembre,4861-4863,,27-Sep-13,20,16:14:00,16:16:00,0:02:00,2,0.033333333,f,visita,N,,,,,
Myrmotherula hauxwelli,P02_AJRC13,Huevos 28-30 Septiembre,4883-4887,,27-Sep-13,20,16:36:00,16:40:00,0:04:00,4,0.066666667,f,visita,N,,,,,
Myrmotherula hauxwelli,P02_AJRC13,Huevos 28-30 Septiembre,4887-4909,,27-Sep-13,20,16:40:00,17:02:00,0:22:00,22,0.366666667,f,on,N,,,,,
Myrmotherula hauxwelli,P02_AJRC13,Huevos 28-30 Septiembre,4909-4955,13,27-Sep-13,20,17:02:00,17:38:00,0:36:00,36,0.6,f,off,N,,,,,
Myrmotherula hauxwelli,P02_AJRC13,Huevos 28-30 Septiembre,4944-4945,,27-Sep-13,20,17:37:00,17:38:00,0:01:00,1,0.016666667,f,visita,N,,,,,
Myrmotherula hauxwelli,P02_AJRC13,Huevos 28-30 Septiembre,4955-5680,,27-Sep-13,20,17:38:00,0:00:00,6:22:00,382,6.366666667,f,on,Y,,,,incubación nocturna,
Myrmotherula hauxwelli,P02_AJRC13,Huevos 28-30 Septiembre,4955-5680,,28-Sep-13,21,0:00:00,5:53:00,5:53:00,353,5.883333333,f,on,Y,,,,incubación nocturna,
Myrmotherula hauxwelli,P02_AJRC13,Huevos 28-30 Septiembre,5680-5683,1,28-Sep-13,21,5:53:00,5:56:00,0:03:00,3,0.05,f,off,N,,,,,
Myrmotherula hauxwelli,P02_AJRC13,Huevos 28-30 Septiembre,5681-5683,,28-Sep-13,21,5:54:00,5:56:00,0:02:00,2,0.033333333,m,visita,N,,,,,
Myrmotherula hauxwelli,P02_AJRC13,Huevos 28-30 Septiembre,5683-5743,,28-Sep-13,21,5:56:00,6:56:00,1:00:00,60,1,m,on,N,,,,,
Myrmotherula hauxwelli,P02_AJRC13,Huevos 28-30 Septiembre,5743-5797,1,28-Sep-13,21,6:56:00,7:50:00,0:54:00,54,0.9,m,off,N,,,,,
Myrmotherula hauxwelli,P02_AJRC13,Huevos 28-30 Septiembre,5794-5797,,28-Sep-13,21,7:47:00,7:50:00,0:03:00,3,0.05,f,visita,N,,,,alimento en el pico,
Myrmotherula hauxwelli,P02_AJRC13,Huevos 28-30 Septiembre,5797-5817,,28-Sep-13,21,7:50:00,8:10:00,0:20:00,20,0.333333333,f,on,N,,,,,
Myrmotherula hauxwelli,P02_AJRC13,Huevos 28-30 Septiembre,5817-5827,2,28-Sep-13,21,8:10:00,8:20:00,0:10:00,10,0.166666667,f,off,N,,,,,
Myrmotherula hauxwelli,P02_AJRC13,Huevos 28-30 Septiembre,5826-5827,,28-Sep-13,21,8:19:00,8:20:00,0:01:00,1,0.016666667,m,visita,N,,,,,
Myrmotherula hauxwelli,P02_AJRC13,Huevos 28-30 Septiembre,5827-5948,,28-Sep-13,21,8:20:00,10:21:00,2:01:00,121,2.016666667,m,on,N,,,,,
Myrmotherula hauxwelli,P02_AJRC13,Huevos 28-30 Septiembre,5948-5973,2,28-Sep-13,21,10:21:00,10:46:00,0:25:00,25,0.416666667,m,off,N,,,,fin de carpeta,
Myrmotherula hauxwelli,P02_AJRC13,Huevos 28-30 Septiembre,0001-0013,3,28-Sep-13,21,10:48:00,11:00:00,0:12:00,12,0.2,,off,N,,,,inicio de carpeta,
Myrmotherula hauxwelli,P02_AJRC13,Huevos 28-30 Septiembre,0011-0013,,28-Sep-13,21,10:58:00,11:00:00,0:02:00,2,0.033333333,f,visita,N,,,,,
Myrmotherula hauxwelli,P02_AJRC13,Huevos 28-30 Septiembre,0013-0097,,28-Sep-13,21,11:00:00,12:24:00,1:24:00,84,1.4,f,on,N,,,,,
Myrmotherula hauxwelli,P02_AJRC13,Huevos 28-30 Septiembre,0097-0120,4,28-Sep-13,21,12:24:00,12:47:00,0:23:00,23,0.383333333,f,off,N,,,,,
Myrmotherula hauxwelli,P02_AJRC13,Huevos 28-30 Septiembre,0098-0100,,28-Sep-13,21,12:25:00,12:27:00,0:02:00,2,0.033333333,m,visita,N,,,,,
Myrmotherula hauxwelli,P02_AJRC13,Huevos 28-30 Septiembre,0099-0104,,28-Sep-13,21,12:26:00,12:31:00,0:05:00,5,0.083333333,f,visita,N,,,,comportamiento extraño en la base del nido,
Myrmotherula hauxwelli,P02_AJRC13,Huevos 28-30 Septiembre,0114-0118,,28-Sep-13,21,12:41:00,12:46:00,0:05:00,5,0.083333333,m,visita,N,,,,revisar cuando eclosionaron los polluelos porque parece que las visitas ya son alimentación,
Myrmotherula hauxwelli,P02_AJRC13,Huevos 28-30 Septiembre,0118-0120,,28-Sep-13,21,12:46:00,12:47:00,0:01:00,1,0.016666667,m,visita,N,,,,,
Myrmotherula hauxwelli,P02_AJRC13,Huevos 28-30 Septiembre,0120-0156,,28-Sep-13,21,12:47:00,13:23:00,0:36:00,36,0.6,m,on,N,,,,,
Myrmotherula hauxwelli,P02_AJRC13,Huevos 28-30 Septiembre,0156-0159,4,28-Sep-13,21,13:23:00,13:26:00,0:03:00,3,0.05,m,off,N,,,,,
Myrmotherula hauxwelli,P02_AJRC13,Huevos 28-30 Septiembre,0157-0159,,28-Sep-13,21,13:24:00,13:26:00,0:02:00,2,0.033333333,f,visita,N,,,,alimento en el pico,
Myrmotherula hauxwelli,P02_AJRC13,Huevos 28-30 Septiembre,0159-0240,,28-Sep-13,21,13:26:00,14:27:00,1:01:00,61,1.016666667,f,on,N,,,,,
Myrmotherula hauxwelli,P02_AJRC13,Huevos 28-30 Septiembre,0240-0245,5,28-Sep-13,21,14:27:00,14:52:00,0:25:00,25,0.416666667,f,off,N,,,,,
Myrmotherula hauxwelli,P02_AJRC13,Huevos 28-30 Septiembre,0242-0245,,28-Sep-13,21,14:49:00,14:52:00,0:03:00,3,0.05,f,visita,N,,,,,
Myrmotherula hauxwelli,P02_AJRC13,Huevos 28-30 Septiembre,0245-0316,,28-Sep-13,21,14:52:00,16:03:00,1:11:00,71,1.183333333,f,on,N,,,,,
Myrmotherula hauxwelli,P02_AJRC13,Huevos 28-30 Septiembre,0316-0335,6,28-Sep-13,21,16:03:00,16:22:00,0:19:00,19,0.316666667,f,off,N,,,,,
Myrmotherula hauxwelli,P02_AJRC13,Huevos 28-30 Septiembre,0335-0367,,28-Sep-13,21,16:22:00,16:54:00,0:32:00,32,0.533333333,f,on,N,,,,,
Myrmotherula hauxwelli,P02_AJRC13,Huevos 28-30 Septiembre,0367-0391,7,28-Sep-13,21,16:54:00,17:01:00,0:07:00,7,0.116666667,f,off,N,,,,,
Myrmotherula hauxwelli,P02_AJRC13,Huevos 28-30 Septiembre,0390-0391,,28-Sep-13,21,17:00:00,17:01:00,0:01:00,1,0.016666667,f,visita,N,,,,,
Myrmotherula hauxwelli,P02_AJRC13,Huevos 28-30 Septiembre,0391-1156,,28-Sep-13,21,17:01:00,0:00:00,6:59:00,419,6.983333333,f,on,Y,,,,incubación nocturna,
Myrmotherula hauxwelli,P02_AJRC13,Huevos 28-30 Septiembre,0391-1156,,29-Sep-13,22,0:00:00,6:03:00,6:03:00,363,6.05,f,on,Y,,,,incubación nocturna,
Myrmotherula hauxwelli,P31_MASM13,Huevos (18 - 19 Septiembre 2013),1687-1720,1,18-Sep-13,,9:59:00,10:32:00,0:33:00,33,0.55,,off,N,,,,inicio de carpeta,
Myrmotherula hauxwelli,P31_MASM13,Huevos (18 - 19 Septiembre 2013),1718-1720,,18-Sep-13,,10:30:00,10:32:00,0:02:00,2,0.033333333,u,visita,N,,,,,
Myrmotherula hauxwelli,P31_MASM13,Huevos (18 - 19 Septiembre 2013),1720-1803,,18-Sep-13,,10:32:00,11:55:00,1:23:00,83,1.383333333,f,on,N,,,,,
Myrmotherula hauxwelli,P31_MASM13,Huevos (18 - 19 Septiembre 2013),1803-1859,2,18-Sep-13,,11:55:00,12:50:30,0:55:30,55.5,0.925,f,off,N,,,,,
Myrmotherula hauxwelli,P31_MASM13,Huevos (18 - 19 Septiembre 2013),1807-1829,,18-Sep-13,,11:59:00,12:21:00,0:22:00,22,0.366666667,u,visita,N,,,,,
Myrmotherula hauxwelli,P31_MASM13,Huevos (18 - 19 Septiembre 2013),1859-1885,,18-Sep-13,,12:50:30,13:07:00,0:16:30,16.5,0.275,f,on,N,,,,,
Myrmotherula hauxwelli,P31_MASM13,Huevos (18 - 19 Septiembre 2013),1885-1929,3,18-Sep-13,,13:07:00,13:51:00,0:44:00,44,0.733333333,f,off,N,,,,,
Myrmotherula hauxwelli,P31_MASM13,Huevos (18 - 19 Septiembre 2013),1888-1910,,18-Sep-13,,13:10:00,13:32:00,0:22:00,22,0.366666667,m,visita,N,,,,,
Myrmotherula hauxwelli,P31_MASM13,Huevos (18 - 19 Septiembre 2013),1929-1967,,18-Sep-13,,13:51:00,14:30:00,0:39:00,39,0.65,f,on,N,,,,,
Myrmotherula hauxwelli,P31_MASM13,Huevos (18 - 19 Septiembre 2013),1967-2131,4,18-Sep-13,,14:30:00,17:03:00,2:33:00,153,2.55,f,off,N,,,,,
Myrmotherula hauxwelli,P31_MASM13,Huevos (18 - 19 Septiembre 2013),1990-1995,,18-Sep-13,,14:42:00,14:47:00,0:05:00,5,0.083333333,u,visita,N,,,,,
Myrmotherula hauxwelli,P31_MASM13,Huevos (18 - 19 Septiembre 2013),2019-2087,,18-Sep-13,,15:11:00,16:19:00,1:08:00,68,1.133333333,m,visita,N,,,,,
Myrmotherula hauxwelli,P31_MASM13,Huevos (18 - 19 Septiembre 2013),2131-2910,,18-Sep-13,,17:03:00,0:00:00,6:57:00,417,6.95,f,on,Y,,,,incubación nocturna,
Myrmotherula hauxwelli,P31_MASM13,Huevos (18 - 19 Septiembre 2013),2131-2910,,19-Sep-13,,0:00:00,5:52:00,5:52:00,352,5.866666667,f,on,Y,,,,incubación nocturna,
Myrmotherula hauxwelli,P31_MASM13,Huevos (18 - 19 Septiembre 2013),2910-2996,,19-Sep-13,,5:52:00,7:12:46,1:20:46,80,1.333333333,f,on,N,,,,,
Myrmotherula hauxwelli,P31_MASM13,Huevos (18 - 19 Septiembre 2013),2914-2938,,19-Sep-13,,5:56:00,6:20:00,0:24:00,8,0.133333333,m,visita,N,,,,,
Myrmotherula hauxwelli,P31_MASM13,Huevos (18 - 19 Septiembre 2013),2991-2996,,19-Sep-13,,7:12:43,7:12:46,0:00:03,0.1,0.001666667,m,visita,N,,,,,
Myrmotherula hauxwelli,P31_MASM13,Huevos (18 - 19 Septiembre 2013),2996-3024,,19-Sep-13,,7:12:46,7:29:56,0:17:10,17.1,0.285,m,on,N,,,,,
Myrmotherula hauxwelli,P31_MASM13,Huevos (18 - 19 Septiembre 2013),3018-3029,,19-Sep-13,,7:29:51,7:31:00,0:01:09,1.15,0.019166667,f,visita,N,,,,,
Myrmotherula hauxwelli,P31_MASM13,Huevos (18 - 19 Septiembre 2013),3024-3029,1,19-Sep-13,,7:29:56,7:31:00,0:01:04,1.1,0.018333333,m,off,N,,,,,
Myrmotherula hauxwelli,P31_MASM13,Huevos (18 - 19 Septiembre 2013),3029-3098,,19-Sep-13,,7:31:00,8:39:56,1:08:56,68.9,1.148333333,f,on,N,,,,,
Myrmotherula hauxwelli,P31_MASM13,Huevos (18 - 19 Septiembre 2013),3098-3158,1,19-Sep-13,,8:39:56,9:14:53,0:34:57,34.9,0.581666667,f,off,N,,,,,
Myrmotherula hauxwelli,P31_MASM13,Huevos (18 - 19 Septiembre 2013),3107-3118,,19-Sep-13,,8:40:02,8:40:28,0:00:26,0.4,0.006666667,u,visita,N,,,,Foto cool muy cerca a la cam,
Myrmotherula hauxwelli,P31_MASM13,Huevos (18 - 19 Septiembre 2013),3120-3158,,19-Sep-13,,8:42:00,9:14:53,0:32:53,32.9,0.548333333,m,visita,N,,,,,
Myrmotherula hauxwelli,P31_MASM13,Huevos (18 - 19 Septiembre 2013),3158-3246,,19-Sep-13,,9:14:53,10:37:06,1:22:13,82,1.366666667,m,on,N,,,,,
Myrmotherula hauxwelli,P31_MASM13,Huevos (18 - 19 Septiembre 2013),3246-3290,2,19-Sep-13,,10:37:06,11:02:00,0:24:54,2,0.033333333,m,off,N,,,,,
Myrmotherula hauxwelli,P31_MASM13,Huevos (18 - 19 Septiembre 2013),3279-3290,,19-Sep-13,,11:01:00,11:02:00,0:01:00,1,0.016666667,f,visita,N,,,,,
Myrmotherula hauxwelli,P31_MASM13,Huevos (18 - 19 Septiembre 2013),3290-3331,,19-Sep-13,,11:02:00,11:42:26,0:40:26,40.3,0.671666667,f,on,N,,,,,
Myrmotherula hauxwelli,P31_MASM13,Huevos (18 - 19 Septiembre 2013),3331-3383,2,19-Sep-13,,11:42:26,11:45:00,0:02:34,2.5,0.041666667,f,off,N,,,,,
Myrmotherula hauxwelli,P31_MASM13,Huevos (18 - 19 Septiembre 2013),3341-3372,,19-Sep-13,,11:42:39,11:43:47,0:01:08,1.13,0.018833333,f,visita,N,,,,,
Myrmotherula hauxwelli,P31_MASM13,Huevos (18 - 19 Septiembre 2013),3359-3383,,19-Sep-13,,11:43:31,11:45:00,0:01:29,1.5,0.025,m,visita,N,,,,,
Myrmotherula hauxwelli,P31_MASM13,Huevos (18 - 19 Septiembre 2013),3383-3471,,19-Sep-13,,11:45:00,13:00:01,1:15:01,75,1.25,m,on,N,,,,,
Myrmotherula hauxwelli,P31_MASM13,Huevos (18 - 19 Septiembre 2013),3471-3606,3,19-Sep-13,,13:00:01,14:59:19,1:59:18,119.2,1.986666667,m,off,N,,,,fin de carpeta,
Myrmotherula hauxwelli,P31_MASM13,Huevos (19 - 23 Septiembre 2013,0001-0021,1,19-Sep-13,,15:11:00,15:31:00,0:20:00,20,0.333333333,,off,N,,,,inicio de carpeta,
Myrmotherula hauxwelli,P31_MASM13,Huevos (19 - 23 Septiembre 2013,0021-0098,,19-Sep-13,,15:31:00,16:48:00,1:17:00,77,1.283333333,f,on,N,,,,,
Myrmotherula hauxwelli,P31_MASM13,Huevos (19 - 23 Septiembre 2013,0098-0139,2,19-Sep-13,,16:48:00,16:55:50,0:07:50,7.9,0.131666667,f,off,N,,,,,
Myrmotherula hauxwelli,P31_MASM13,Huevos (19 - 23 Septiembre 2013,0099-0121,,19-Sep-13,,16:48:47,16:49:04,0:00:17,0.3,0.005,f,visita,N,,,,,
Myrmotherula hauxwelli,P31_MASM13,Huevos (19 - 23 Septiembre 2013,0133-0139,,19-Sep-13,,16:53:00,16:55:50,0:02:50,2.9,0.048333333,m,visita,N,,,,,
Myrmotherula hauxwelli,P31_MASM13,Huevos (19 - 23 Septiembre 2013,0139-0168,,19-Sep-13,,16:55:50,17:17:01,0:21:11,21.2,0.353333333,m,on,N,,,,,
Myrmotherula hauxwelli,P31_MASM13,Huevos (19 - 23 Septiembre 2013,0168-0178,2,19-Sep-13,,17:17:01,17:18:00,0:00:59,0.99,0.0165,m,off,N,,,,,
Myrmotherula hauxwelli,P31_MASM13,Huevos (19 - 23 Septiembre 2013,0178-0929,,19-Sep-13,,17:18:00,0:00:00,6:42:00,402,6.7,f,on,Y,,,,incubación nocturna,
Myrmotherula hauxwelli,P31_MASM13,Huevos (19 - 23 Septiembre 2013,0178-0929,,20-Sep-13,,0:00:00,5:49:00,5:49:00,349,5.816666667,f,on,Y,,,,incubación nocturna,
Myrmotherula hauxwelli,P31_MASM13,Huevos (19 - 23 Septiembre 2013,0929-0984,1,20-Sep-13,,5:49:00,6:44:00,0:55:00,55,0.916666667,f,off,N,,,,,
Myrmotherula hauxwelli,P31_MASM13,Huevos (19 - 23 Septiembre 2013,0982-0984,,20-Sep-13,,6:42:00,6:44:00,0:02:00,2,0.033333333,m,visita,N,,,,,
Myrmotherula hauxwelli,P31_MASM13,Huevos (19 - 23 Septiembre 2013,0984-1035,,20-Sep-13,,6:44:00,7:15:00,0:31:00,31,0.516666667,m,on,N,,,,,
Myrmotherula hauxwelli,P31_MASM13,Huevos (19 - 23 Septiembre 2013,1035-1097,1,20-Sep-13,,7:15:00,7:57:00,0:42:00,42,0.7,m,off,N,,,,,
Myrmotherula hauxwelli,P31_MASM13,Huevos (19 - 23 Septiembre 2013,1076-1097,,20-Sep-13,,7:55:54,7:57:00,0:01:06,1.1,0.018333333,f,visita,N,,,,,
Myrmotherula hauxwelli,P31_MASM13,Huevos (19 - 23 Septiembre 2013,1097-1119,,20-Sep-13,,7:57:00,8:09:00,0:12:00,12,0.2,f,on,N,,,,,
Myrmotherula hauxwelli,P31_MASM13,Huevos (19 - 23 Septiembre 2013,1119-1124,2,20-Sep-13,,8:09:00,8:10:03,0:01:03,1,0.016666667,f,off,N,,,,,
Myrmotherula hauxwelli,P31_MASM13,Huevos (19 - 23 Septiembre 2013,1119-1124,,20-Sep-13,,8:09:00,8:10:03,0:01:03,1,0.016666667,m,visita,N,,,,,
Myrmotherula hauxwelli,P31_MASM13,Huevos (19 - 23 Septiembre 2013,1124-1208,,20-Sep-13,,8:09:00,9:28:00,1:19:00,79,1.316666667,m,on,N,,,,,
Myrmotherula hauxwelli,P31_MASM13,Huevos (19 - 23 Septiembre 2013,1208-1209,2,20-Sep-13,,9:28:00,9:29:00,0:01:00,1,0.016666667,m,off,N,,,,,
Myrmotherula hauxwelli,P31_MASM13,Huevos (19 - 23 Septiembre 2013,1209-1303,,20-Sep-13,,9:29:00,10:53:00,1:24:00,84,1.4,f,on,N,,,,,
Myrmotherula hauxwelli,P31_MASM13,Huevos (19 - 23 Septiembre 2013,1303-1325,3,20-Sep-13,,10:53:00,10:55:00,0:02:00,2,0.033333333,f,off,N,,,,,
Myrmotherula hauxwelli,P31_MASM13,Huevos (19 - 23 Septiembre 2013,1304-1320,,20-Sep-13,,10:53:09,10:53:22,0:00:13,0.2,0.003333333,m,visita,N,,,,,
Myrmotherula hauxwelli,P31_MASM13,Huevos (19 - 23 Septiembre 2013,1303-1321,,20-Sep-13,,10:53:00,10:53:23,0:00:23,0.3,0.005,f,visita,N,,,,,
Myrmotherula hauxwelli,P31_MASM13,Huevos (19 - 23 Septiembre 2013,1324-1325,,20-Sep-13,,10:54:00,10:55:00,0:01:00,1,0.016666667,f,visita,N,,,,,
Myrmotherula hauxwelli,P31_MASM13,Huevos (19 - 23 Septiembre 2013,1325-1358,,20-Sep-13,,10:55:00,11:28:00,0:33:00,33,0.55,m,on,N,,,,,
Myrmotherula hauxwelli,P31_MASM13,Huevos (19 - 23 Septiembre 2013,1358-1381,3,20-Sep-13,,11:28:00,11:45:17,0:17:17,17.2,0.286666667,m,off,N,,,,,
Myrmotherula hauxwelli,P31_MASM13,Huevos (19 - 23 Septiembre 2013,1374-1381,,20-Sep-13,,11:44:00,11:45:17,0:01:17,1.2,0.02,f,visita,N,,,,,
Myrmotherula hauxwelli,P31_MASM13,Huevos (19 - 23 Septiembre 2013,1381-1458,,20-Sep-13,,11:45:17,12:58:00,1:12:43,72.7,1.211666667,f,on,N,,,,,
Myrmotherula hauxwelli,P31_MASM13,Huevos (19 - 23 Septiembre 2013,1458-1674,4,20-Sep-13,,12:58:00,15:30:50,2:32:50,152.8,2.546666667,f,off,N,,,,,
Myrmotherula hauxwelli,P31_MASM13,Huevos (19 - 23 Septiembre 2013,1520-1582,4,20-Sep-13,,13:59:52,14:02:00,0:02:08,2.13,0.0355,,Depredación - saguinus ruficollis,N,,,,,