specie,nest_id,folder,photo,viaje,date,hour,hour_standard,start_time,final_time,duration,duration_min,duration_h,sex,event,nocturnal_incubation,true_day,note,,
Isleria hauxwelli,P02_IGZ14,Huevos 31-02 y Pollos 02-03 Sep,2046-2832,,02-Sep-14,,,0:00:00,5:58:00,5:58:00,358,5.966666667,f,on,Y,1,incubación nocturna,,
Isleria hauxwelli,P02_IGZ14,Huevos 31-02 y Pollos 02-03 Sep,2832-2867,1,02-Sep-14,,,5:58:00,6:33:00,0:35:00,35,0.583333333,f,off,N,1,,,
Isleria hauxwelli,P02_IGZ14,Huevos 31-02 y Pollos 02-03 Sep,2867-2953,,02-Sep-14,,,6:33:00,7:59:00,1:26:00,86,1.433333333,f,on,N,1,,,
Isleria hauxwelli,P02_IGZ14,Huevos 31-02 y Pollos 02-03 Sep,2953-2954,2,02-Sep-14,,,7:59:00,8:00:00,0:01:00,1,0.016666667,f,off,N,1,,,
Isleria hauxwelli,P02_IGZ14,Huevos 31-02 y Pollos 02-03 Sep,2954-3074,,02-Sep-14,,,8:00:00,10:00:00,2:00:00,120,2,m,on,N,1,,,
Isleria hauxwelli,P02_IGZ14,Huevos 31-02 y Pollos 02-03 Sep,3074-3077,1,02-Sep-14,,,10:00:00,10:03:00,0:03:00,3,0.05,m,off,N,1,,,
Isleria hauxwelli,P02_IGZ14,Huevos 31-02 y Pollos 02-03 Sep,3075-3077,,02-Sep-14,,,10:01:00,10:03:00,0:02:00,2,0.033333333,f,visita,N,1,,,
Isleria hauxwelli,P02_IGZ14,Huevos 31-02 y Pollos 02-03 Sep,3077-3280,,02-Sep-14,,,10:03:00,13:26:00,3:23:00,203,3.383333333,f,on,N,1,,,
Isleria hauxwelli,P02_IGZ14,Huevos 31-02 y Pollos 02-03 Sep,3280-3288,3,02-Sep-14,,,13:26:00,13:34:00,0:08:00,8,0.133333333,f,off,N,1,,,
Isleria hauxwelli,P02_IGZ14,Huevos 31-02 y Pollos 02-03 Sep,3282-3288,,02-Sep-14,,,13:28:00,13:34:00,0:06:00,6,0.1,m,visita,N,1,,,
Isleria hauxwelli,P02_IGZ14,Huevos 31-02 y Pollos 02-03 Sep,3288-3299,,02-Sep-14,,,13:34:00,13:45:00,0:11:00,11,0.183333333,m,on,N,1,,,
Isleria hauxwelli,P02_IGZ14,Huevos 31-02 y Pollos 02-03 Sep,3299-3324,2,02-Sep-14,,,13:45:00,14:00:00,0:15:00,15,0.25,m,off,N,1,,,
Isleria hauxwelli,P02_IGZ14,Huevos 31-02 y Pollos 02-03 Sep,3309-3324,,02-Sep-14,,,13:55:00,14:00:00,0:05:00,5,0.083333333,m,visita,N,1,,CREO que aquí empiezan a eclosionar los polluelos,
Isleria hauxwelli,P02_IGZ14,Huevos 31-02 y Pollos 02-03 Sep,3324-3450,,02-Sep-14,,,14:00:00,16:06:00,2:06:00,126,2.1,m,brooding,N,1,brooding,"Durante este tiempo de incupación el adulto estuvo muy inquieto, permanece en el nido pero se levante por segundos en repetidas ocasiones",
Isleria hauxwelli,P02_IGZ14,Huevos 31-02 y Pollos 02-03 Sep,created a cero,,02-Sep-14,,,,,,0,0,f,brooding,N,1,brooding,"Durante este tiempo de incupación el adulto estuvo muy inquieto, permanece en el nido pero se levante por segundos en repetidas ocasiones",
Isleria hauxwelli,P02_IGZ14,Huevos 31-02 y Pollos 02-03 Sep,3450-3459,3,02-Sep-14,,,16:06:00,16:15:00,0:09:00,9,0.15,m,off,N,1,,"Se ve movimientos en nido, por eso creo que ya eclosionaron los polluelos a pesar de que en la historia dice que nacieron el 3 de sep",
Isleria hauxwelli,P02_IGZ14,Huevos 31-02 y Pollos 02-03 Sep,3459-3496,,02-Sep-14,,,16:15:00,16:52:00,0:37:00,37,0.616666667,m,brooding,N,1,brooding,,
Isleria hauxwelli,P02_IGZ14,Huevos 31-02 y Pollos 02-03 Sep,3496-3507,4,02-Sep-14,,,16:52:00,17:03:00,0:11:00,11,0.183333333,m,off,N,1,,,
Isleria hauxwelli,P02_IGZ14,Huevos 31-02 y Pollos 02-03 Sep,3499-3504,4,02-Sep-14,,1,16:55:00,17:00:00,0:05:00,5,0.083333333,f,Feeding,N,1,,,
Isleria hauxwelli,P02_IGZ14,Huevos 31-02 y Pollos 02-03 Sep,3504-3507,,02-Sep-14,,2,17:00:00,17:03:00,0:03:00,3,0.05,f,visita,N,1,,,
Isleria hauxwelli,P02_IGZ14,Huevos 31-02 y Pollos 02-03 Sep,3507-4271,,02-Sep-14,,,17:03:00,0:00:00,6:57:00,417,6.95,f,on,Y,1,incubación nocturna,,
Isleria hauxwelli,P02_IGZ14,Huevos 31-02 y Pollos 02-03 Sep,3507-4271,,03-Sep-14,,3,0:00:00,5:47:00,5:47:00,347,5.783333333,f,on,Y,2,incubación nocturna,,
Isleria hauxwelli,P02_IGZ14,Huevos 31-02 y Pollos 02-03 Sep,4271-4272,1,03-Sep-14,,1,5:47:00,5:48:00,0:01:00,1,0.016666667,f,off,N,2,,,
Isleria hauxwelli,P02_IGZ14,Huevos 31-02 y Pollos 02-03 Sep,4272-4273,1,03-Sep-14,6,1,5:48:00,5:49:00,0:01:00,1,0.016666667,m,Feeding,N,2,,,
Isleria hauxwelli,P02_IGZ14,Huevos 31-02 y Pollos 02-03 Sep,4273-4281,,03-Sep-14,,1,5:49:00,5:57:00,0:08:00,8,0.133333333,m ,brooding,N,2,,10.86666667,
Isleria hauxwelli,P02_IGZ14,Huevos 31-02 y Pollos 02-03 Sep,4281-4288,2,03-Sep-14,,1,5:57:00,6:04:00,0:07:00,7,0.116666667,m,off,N,2,,,
Isleria hauxwelli,P02_IGZ14,Huevos 31-02 y Pollos 02-03 Sep,4288-4292,,03-Sep-14,,2,6:04:00,6:08:00,0:04:00,4,0.066666667,f,brooding,N,2,,,
Isleria hauxwelli,P02_IGZ14,Huevos 31-02 y Pollos 02-03 Sep,4292-4293,2,03-Sep-14,,2,6:08:00,6:09:00,0:01:00,1,0.016666667,f,off,N,2,,,
Isleria hauxwelli,P02_IGZ14,Huevos 31-02 y Pollos 02-03 Sep,4293-4298,,03-Sep-14,,2,6:09:00,6:14:00,0:05:00,5,0.083333333,m,on,N,2,,,
Isleria hauxwelli,P02_IGZ14,Huevos 31-02 y Pollos 02-03 Sep,4298-4300,3,03-Sep-14,7,2,6:14:00,6:16:00,0:02:00,2,0.033333333,f,Feeding,N,2,,,
Isleria hauxwelli,P02_IGZ14,Huevos 31-02 y Pollos 02-03 Sep,4300-4301,,03-Sep-14,,2,6:16:00,6:17:00,0:01:00,1,0.016666667,f,brooding,N,2,,,
Isleria hauxwelli,P02_IGZ14,Huevos 31-02 y Pollos 02-03 Sep,4301-4320,4,03-Sep-14,,2,6:17:00,6:36:00,0:19:00,19,0.316666667,f,off,N,2,,,
Isleria hauxwelli,P02_IGZ14,Huevos 31-02 y Pollos 02-03 Sep,4309-4311,5,03-Sep-14,7,2,6:24:00,6:26:00,0:02:00,2,0.033333333,u,Feeding,N,2,,,
Isleria hauxwelli,P02_IGZ14,Huevos 31-02 y Pollos 02-03 Sep,4320-4342,,03-Sep-14,,2,6:36:00,6:58:00,0:22:00,22,0.366666667,f,brooding,N,2,,,
Isleria hauxwelli,P02_IGZ14,Huevos 31-02 y Pollos 02-03 Sep,4342-4343,6,03-Sep-14,,2,6:58:00,6:59:00,0:01:00,1,0.016666667,f,off,N,2,,,
Isleria hauxwelli,P02_IGZ14,Huevos 31-02 y Pollos 02-03 Sep,4343-4355,,03-Sep-14,,2,6:59:00,7:11:00,0:12:00,12,0.2,m,brooding,N,2,,,
Isleria hauxwelli,P02_IGZ14,Huevos 31-02 y Pollos 02-03 Sep,4355-4367,3,03-Sep-14,,3,7:11:00,7:13:00,0:02:00,2,0.033333333,m,off,N,2,,,
Isleria hauxwelli,P02_IGZ14,Huevos 31-02 y Pollos 02-03 Sep,4355-4367,,03-Sep-14,,3,7:11:00,7:13:00,0:02:00,2,0.033333333,m,visita,N,2,,,
Isleria hauxwelli,P02_IGZ14,Huevos 31-02 y Pollos 02-03 Sep,4367-4415,,03-Sep-14,,3,7:13:00,8:01:00,0:48:00,48,0.8,m,brooding,N,2,,,
Isleria hauxwelli,P02_IGZ14,Huevos 31-02 y Pollos 02-03 Sep,4415-4417,7,03-Sep-14,9,4,8:01:00,8:03:00,0:02:00,2,0.033333333,f,Feeding,N,2,,,
Isleria hauxwelli,P02_IGZ14,Huevos 31-02 y Pollos 02-03 Sep,4417-4425,,03-Sep-14,,4,8:03:00,8:11:00,0:08:00,8,0.133333333,f,brooding,N,2,,,
Isleria hauxwelli,P02_IGZ14,Huevos 31-02 y Pollos 02-03 Sep,4425-4426,8,03-Sep-14,9,4,8:11:00,8:12:00,0:01:00,1,0.016666667,u,Feeding,N,2,,,
Isleria hauxwelli,P02_IGZ14,Huevos 31-02 y Pollos 02-03 Sep,4425-4442,9,03-Sep-14,,4,8:11:00,8:18:00,0:07:00,7,0.116666667,f,off,N,2,,,
Isleria hauxwelli,P02_IGZ14,Huevos 31-02 y Pollos 02-03 Sep,4440-4442,10,03-Sep-14,9,4,8:16:00,8:18:00,0:02:00,2,0.033333333,f,Feeding,N,2,,,
Isleria hauxwelli,P02_IGZ14,Huevos 31-02 y Pollos 02-03 Sep,4427-4439,4,03-Sep-14,9,4,8:13:00,8:15:00,0:02:00,2,0.033333333,m,Feeding,N,2,,,
Isleria hauxwelli,P02_IGZ14,Huevos 31-02 y Pollos 02-03 Sep,4442-4469,,03-Sep-14,,4,8:18:00,8:45:00,0:27:00,27,0.45,f,brooding,N,2,,,
Isleria hauxwelli,P02_IGZ14,Huevos 31-02 y Pollos 02-03 Sep,4469-4488,11,03-Sep-14,,4,8:45:00,8:54:00,0:09:00,9,0.15,f,off,N,2,,,
Isleria hauxwelli,P02_IGZ14,Huevos 31-02 y Pollos 02-03 Sep,4469-4471,5,03-Sep-14,9,4,8:45:00,8:47:00,0:02:00,2,0.033333333,m,Feeding,N,2,,,
Isleria hauxwelli,P02_IGZ14,Huevos 31-02 y Pollos 02-03 Sep,4476-4488,6,03-Sep-14,9,4,8:52:00,8:54:00,0:02:00,2,0.033333333,m,Feeding,N,2,,,
Isleria hauxwelli,P02_IGZ14,Huevos 31-02 y Pollos 02-03 Sep,4488-4508,,03-Sep-14,,4,8:54:00,9:14:00,0:20:00,20,0.333333333,m,brooding,N,2,,,
Isleria hauxwelli,P02_IGZ14,Huevos 31-02 y Pollos 02-03 Sep,4508-4510,7,03-Sep-14,,5,9:14:00,9:16:00,0:02:00,2,0.033333333,m,off,N,2,,,
Isleria hauxwelli,P02_IGZ14,Huevos 31-02 y Pollos 02-03 Sep,4508-4510,12,03-Sep-14,10,5,9:14:00,9:16:00,0:02:00,2,0.033333333,f,Feeding,N,2,,,
Isleria hauxwelli,P02_IGZ14,Huevos 31-02 y Pollos 02-03 Sep,4510-4581,,03-Sep-14,,5,9:16:00,10:27:00,1:11:00,71,1.183333333,f,brooding,N,2,,,
Isleria hauxwelli,P02_IGZ14,Huevos 31-02 y Pollos 02-03 Sep,4581-4582,13,03-Sep-14,,6,10:27:00,10:28:00,0:01:00,1,0.016666667,f,off,N,2,,,
Isleria hauxwelli,P02_IGZ14,Huevos 31-02 y Pollos 02-03 Sep,4582-4671,,03-Sep-14,,6,10:28:00,11:57:00,1:29:00,89,1.483333333,m,brooding,N,2,,,
Isleria hauxwelli,P02_IGZ14,Huevos 31-02 y Pollos 02-03 Sep,4671-4672,8,03-Sep-14,,7,11:57:00,11:58:00,0:01:00,1,0.016666667,m,off,N,2,,,
Isleria hauxwelli,P02_IGZ14,Huevos 31-02 y Pollos 02-03 Sep,4671-4672,14,03-Sep-14,12,7,11:57:00,11:58:00,0:01:00,1,0.016666667,f,Feeding,N,2,,,
Isleria hauxwelli,P02_IGZ14,Huevos 31-02 y Pollos 02-03 Sep,4672-4700,,03-Sep-14,,7,11:58:00,12:26:00,0:28:00,28,0.466666667,f,brooding,N,2,,,
Isleria hauxwelli,P02_IGZ14,Huevos 31-02 y Pollos 02-03 Sep,4700-4708,15,03-Sep-14,,8,12:26:00,12:34:00,0:08:00,8,0.133333333,f,off,N,2,,,
Isleria hauxwelli,P02_IGZ14,Huevos 31-02 y Pollos 02-03 Sep,4700-4702,9,03-Sep-14,13,8,12:26:00,12:28:00,0:02:00,2,0.033333333,m,Feeding,N,2,,,
Isleria hauxwelli,P02_IGZ14,Huevos 31-02 y Pollos 02-03 Sep,4702-4708,16,03-Sep-14,13,8,12:28:00,12:34:00,0:06:00,6,0.1,f,Feeding,N,2,,,
Isleria hauxwelli,P02_IGZ14,Huevos 31-02 y Pollos 02-03 Sep,4708-4747,,03-Sep-14,,8,12:34:00,13:13:00,0:39:00,39,0.65,f,brooding,N,2,,,
Isleria hauxwelli,P02_IGZ14,Huevos 31-02 y Pollos 02-03 Sep,4747-4761,17,03-Sep-14,,9,13:13:00,13:27:00,0:14:00,14,0.233333333,f,off,N,2,,,
Isleria hauxwelli,P02_IGZ14,Huevos 31-02 y Pollos 02-03 Sep,4747-4749,10,03-Sep-14,14,9,13:13:00,13:15:00,0:02:00,2,0.033333333,m,Feeding,N,2,,,
Isleria hauxwelli,P02_IGZ14,Huevos 31-02 y Pollos 02-03 Sep,4761-4814,,03-Sep-14,,9,13:27:00,14:20:00,0:53:00,53,0.883333333,m,brooding,N,2,,,
Isleria hauxwelli,P02_IGZ14,Huevos 31-02 y Pollos 02-03 Sep,4814-4830,11,03-Sep-14,,10,14:20:00,14:26:00,0:06:00,6,0.1,m ,off,N,2,,,
Isleria hauxwelli,P02_IGZ14,Huevos 31-02 y Pollos 02-03 Sep,4816-4827,12,03-Sep-14,15,10,14:22:00,14:23:01,0:01:01,1,0.016666667,m,Feeding,N,2,,,
Isleria hauxwelli,P02_IGZ14,Huevos 31-02 y Pollos 02-03 Sep,4827-4830,18,03-Sep-14,15,10,14:23:01,14:26:00,0:02:59,3,0.05,f,Feeding,N,2,,,
Isleria hauxwelli,P02_IGZ14,Huevos 31-02 y Pollos 02-03 Sep,4830-4836,,03-Sep-14,,10,14:26:00,14:32:00,0:06:00,6,0.1,f,brooding,N,2,,,
Isleria hauxwelli,P02_IGZ14,Huevos 31-02 y Pollos 02-03 Sep,4836-4840,19,03-Sep-14,,10,14:32:00,14:36:00,0:04:00,4,0.066666667,f,off,N,2,,,
Isleria hauxwelli,P02_IGZ14,Huevos 31-02 y Pollos 02-03 Sep,4837-4839,20,03-Sep-14,15,10,14:33:00,14:35:00,0:02:00,2,0.033333333,f,Feeding,N,2,,,
Isleria hauxwelli,P02_IGZ14,Huevos 31-02 y Pollos 02-03 Sep,4839-4846,,03-Sep-14,,10,14:36:00,14:42:00,0:06:00,6,0.1,f,brooding,N,2,,,
Isleria hauxwelli,P02_IGZ14,Huevos 31-02 y Pollos 02-03 Sep,4846-4855,21,03-Sep-14,,10,14:42:00,14:51:00,0:09:00,9,0.15,f,off,N,2,,,
Isleria hauxwelli,P02_IGZ14,Huevos 31-02 y Pollos 02-03 Sep,4854-4855,22,03-Sep-14,15,10,14:50:00,14:51:00,0:01:00,1,0.016666667,f,Feeding,N,2,,,
Isleria hauxwelli,P02_IGZ14,Huevos 31-02 y Pollos 02-03 Sep,4855-4879,,03-Sep-14,,10,14:51:00,15:15:00,0:24:00,24,0.4,f,brooding,N,2,,,
Isleria hauxwelli,P02_IGZ14,Huevos 31-02 y Pollos 02-03 Sep,4879-4890,23,03-Sep-14,,11,15:15:00,15:26:00,0:11:00,11,0.183333333,f,off,N,2,,,
Isleria hauxwelli,P02_IGZ14,Huevos 31-02 y Pollos 02-03 Sep,4884-4885,24,03-Sep-14,16,11,15:20:00,15:21:00,0:01:00,1,0.016666667,f,Feeding,N,2,,,
Isleria hauxwelli,P02_IGZ14,Huevos 31-02 y Pollos 02-03 Sep,4885-4886,13,03-Sep-14,16,11,15:21:00,15:22:00,0:01:00,1,0.016666667,m,Feeding,N,2,,,
Isleria hauxwelli,P02_IGZ14,Huevos 31-02 y Pollos 02-03 Sep,4890-4911,,03-Sep-14,,11,15:15:00,15:47:00,0:32:00,32,0.533333333,f,brooding,N,2,,,
Isleria hauxwelli,P02_IGZ14,Huevos 31-02 y Pollos 02-03 Sep,4911-4912,25,03-Sep-14,,11,15:47:00,15:48:00,0:01:00,1,0.016666667,f,off,N,2,,,
Isleria hauxwelli,P02_IGZ14,Huevos 31-02 y Pollos 02-03 Sep,4912-4915,,03-Sep-14,,11,15:48:00,15:51:00,0:03:00,3,0.05,m,brooding,N,2,,,
Isleria hauxwelli,P02_IGZ14,Huevos 31-02 y Pollos 02-03 Sep,4915-4916,14,03-Sep-14,,11,15:51:00,15:52:00,0:01:00,1,0.016666667,m,off,N,2,,,
Isleria hauxwelli,P02_IGZ14,Huevos 31-02 y Pollos 02-03 Sep,4915-4916,26,03-Sep-14,16,11,15:51:00,15:52:00,0:01:00,1,0.016666667,f,Feeding,N,2,,,
Isleria hauxwelli,P02_IGZ14,Huevos 31-02 y Pollos 02-03 Sep,4916-4918,,03-Sep-14,,11,15:52:00,15:54:00,0:02:00,2,0.033333333,f,brooding,N,2,,,
Isleria hauxwelli,P02_IGZ14,Huevos 31-02 y Pollos 02-03 Sep,4918-4934,27,03-Sep-14,,11,15:54:00,16:00:00,0:06:00,6,0.1,f,off,N,2,monitoreo y fin de la carpeta,,
Isleria hauxwelli,P02_IGZ14,Pollos 04-10 Sep,0001-0021,,04-Sep-14,,12,8:00:00,8:20:00,0:20:00,20,0.333333333,,off,N,3,,,
Isleria hauxwelli,P02_IGZ14,Pollos 04-10 Sep,0021-0023,,04-Sep-14,33,12,8:20:00,8:22:00,0:02:00,2,0.033333333,m,Feeding,N,3,,,
Isleria hauxwelli,P02_IGZ14,Pollos 04-10 Sep,0023-0093,,04-Sep-14,,12,8:22:00,9:32:00,1:10:00,70,1.166666667,m,brooding,N,3,,,
Isleria hauxwelli,P02_IGZ14,Pollos 04-10 Sep,0093-0108,1,04-Sep-14,,12,9:32:00,9:37:00,0:05:00,5,0.083333333,m,off,N,3,,,
Isleria hauxwelli,P02_IGZ14,Pollos 04-10 Sep,0094-0103,,04-Sep-14,34,12,9:33:00,9:34:53,0:01:53,1.9,0.031666667,f,Feeding,N,3,,,
Isleria hauxwelli,P02_IGZ14,Pollos 04-10 Sep,0101-0106,,04-Sep-14,34,12,9:34:51,9:35:00,0:00:09,0.2,0.003333333,m,Feeding,N,3,,,
Isleria hauxwelli,P02_IGZ14,Pollos 04-10 Sep,0106-0108,,04-Sep-14,34,12,9:35:00,9:37:00,0:02:00,2,0.033333333,f,Feeding,N,3,,,
Isleria hauxwelli,P02_IGZ14,Pollos 04-10 Sep,0108-0113,,04-Sep-14,,12,9:37:00,9:42:00,0:05:00,5,0.083333333,f,brooding,N,3,,,
Isleria hauxwelli,P02_IGZ14,Pollos 04-10 Sep,0113-0114,2,04-Sep-14,,12,9:42:00,9:43:00,0:01:00,1,0.016666667,f,off,N,3,,,
Isleria hauxwelli,P02_IGZ14,Pollos 04-10 Sep,0114-0161,,04-Sep-14,,12,9:43:00,10:30:00,0:47:00,47,0.783333333,f,brooding,N,3,,,
Isleria hauxwelli,P02_IGZ14,Pollos 04-10 Sep,0161-0180,3,04-Sep-14,,13,10:30:00,10:49:00,0:19:00,19,0.316666667,f,off,N,3,,,
Isleria hauxwelli,P02_IGZ14,Pollos 04-10 Sep,0163-0165,,04-Sep-14,35,13,10:32:00,10:34:00,0:02:00,2,0.033333333,f,Feeding,N,3,,,
Isleria hauxwelli,P02_IGZ14,Pollos 04-10 Sep,0178-0180,,04-Sep-14,35,13,10:47:00,10:49:00,0:02:00,2,0.033333333,m,Feeding,N,3,,,
Isleria hauxwelli,P02_IGZ14,Pollos 04-10 Sep,0180-0206,,04-Sep-14,,13,10:49:00,11:15:00,0:26:00,26,0.433333333,m,brooding,N,3,,,
Isleria hauxwelli,P02_IGZ14,Pollos 04-10 Sep,0206-0207,4,04-Sep-14,,14,11:15:00,11:16:00,0:01:00,1,0.016666667,m,off,N,3,,,
Isleria hauxwelli,P02_IGZ14,Pollos 04-10 Sep,0207-0226,,04-Sep-14,,14,11:16:00,11:34:57,0:18:57,18.9,0.315,f,brooding,N,3,,,
Isleria hauxwelli,P02_IGZ14,Pollos 04-10 Sep,0226-0240,5,04-Sep-14,,14,11:34:57,11:39:00,0:04:03,4.1,0.068333333,f,off,N,3,,,
Isleria hauxwelli,P02_IGZ14,Pollos 04-10 Sep,0226-0237,,04-Sep-14,,14,11:34:57,11:36:00,0:01:03,1,0.016666667,m,visita,N,3,,,
Isleria hauxwelli,P02_IGZ14,Pollos 04-10 Sep,0237-0343,,04-Sep-14,,14,11:36:00,13:22:00,1:46:00,106,1.766666667,f,brooding,N,3,,,
Isleria hauxwelli,P02_IGZ14,Pollos 04-10 Sep,0343-0489,6,04-Sep-14,,15,13:22:00,14:28:00,1:06:00,66,1.1,f,off,N,3,,,
Isleria hauxwelli,P02_IGZ14,Pollos 04-10 Sep,0449-0453,,04-Sep-14,,15,13:58:00,14:02:00,0:04:00,4,0.066666667,m,visita,N,3,,,
Isleria hauxwelli,P02_IGZ14,Pollos 04-10 Sep,0489-0514,,04-Sep-14,,16,14:28:00,14:53:00,0:25:00,25,0.416666667,f,brooding,N,3,,,
Isleria hauxwelli,P02_IGZ14,Pollos 04-10 Sep,0514-,7,04-Sep-14,,16,14:53:00,15:02:00,0:09:00,9,0.15,f,off,N,3,,,
Isleria hauxwelli,P02_IGZ14,Pollos 04-10 Sep,0516-0526,,04-Sep-14,39,16,14:54:34,14:55:00,0:00:26,0.45,0.0075,u,Feeding,N,3,,,
Isleria hauxwelli,P02_IGZ14,Pollos 04-10 Sep,0516-0526,,04-Sep-14,39,16,14:54:34,14:55:00,0:00:26,0.45,0.0075,u,Feeding,N,3,,,
Isleria hauxwelli,P02_IGZ14,Pollos 04-10 Sep,0528-0539,,04-Sep-14,39,16,14:57:00,14:58:00,0:01:00,1,0.016666667,u,Feeding,N,3,,,
Isleria hauxwelli,P02_IGZ14,Pollos 04-10 Sep,0541-0543,,04-Sep-14,40,17,15:00:00,15:02:00,0:02:00,2,0.033333333,f,Feeding,N,3,,,
Isleria hauxwelli,P02_IGZ14,Pollos 04-10 Sep,0543-0560,,04-Sep-14,,17,15:02:00,15:19:00,0:17:00,17,0.283333333,f,brooding,N,3,,,
Isleria hauxwelli,P02_IGZ14,Pollos 04-10 Sep,0560-0571,8,04-Sep-14,,17,15:19:00,15:30:00,0:11:00,11,0.183333333,f,off,N,3,,,
Isleria hauxwelli,P02_IGZ14,Pollos 04-10 Sep,0571-0578,,04-Sep-14,,17,15:30:00,15:37:00,0:07:00,7,0.116666667,f,brooding,N,3,,,
Isleria hauxwelli,P02_IGZ14,Pollos 04-10 Sep,0578-0600,9,04-Sep-14,,17,15:37:00,15:49:00,0:12:00,12,0.2,f,off,N,3,,,
Isleria hauxwelli,P02_IGZ14,Pollos 04-10 Sep,0580-0590,,04-Sep-14,40,17,15:38:26,15:39:00,0:00:34,0.6,0.01,u,Feeding,N,3,,,
Isleria hauxwelli,P02_IGZ14,Pollos 04-10 Sep,0600-0622,,04-Sep-14,,17,15:49:00,16:11:00,0:22:00,22,0.366666667,f,brooding,N,3,,,
Isleria hauxwelli,P02_IGZ14,Pollos 04-10 Sep,0622-0627,10,04-Sep-14,,18,16:11:00,16:16:00,0:05:00,5,0.083333333,f,off,N,3,,,
Isleria hauxwelli,P02_IGZ14,Pollos 04-10 Sep,0624-0626,,04-Sep-14,41,18,16:13:00,16:15:00,0:02:00,2,0.033333333,u,Feeding,N,3,,,
Isleria hauxwelli,P02_IGZ14,Pollos 04-10 Sep,0627-0654,,04-Sep-14,,18,16:16:00,16:43:00,0:27:00,27,0.45,f,brooding,N,3,,,
Isleria hauxwelli,P02_IGZ14,Pollos 04-10 Sep,0654-0660,11,04-Sep-14,,18,16:43:00,16:49:00,0:06:00,6,0.1,f,off,N,3,,,
Isleria hauxwelli,P02_IGZ14,Pollos 04-10 Sep,0656-0658,,04-Sep-14,41,18,16:45:00,16:47:00,0:02:00,2,0.033333333,u,Feeding,N,3,,,
Isleria hauxwelli,P02_IGZ14,Pollos 04-10 Sep,0658-0660,,04-Sep-14,41,18,16:47:00,16:49:00,0:02:00,2,0.033333333,m,Feeding,N,3,,,
Isleria hauxwelli,P02_IGZ14,Pollos 04-10 Sep,0660-0681,,04-Sep-14,,18,16:49:00,17:10:00,0:21:00,21,0.35,m,brooding,N,3,,,
Isleria hauxwelli,P02_IGZ14,Pollos 04-10 Sep,0681-0682,12,04-Sep-14,,19,17:10:00,17:11:00,0:01:00,1,0.016666667,m,off,N,3,,,
Isleria hauxwelli,P02_IGZ14,Pollos 04-10 Sep,0682-1436,,04-Sep-14,,19,17:11:00,0:00:00,6:49:00,409,6.816666667,f,brooding,Y,3,,,
Isleria hauxwelli,P02_IGZ14,Pollos 04-10 Sep,0682-1436,,05-Sep-14,,,0:00:00,5:45:00,5:45:00,345,5.75,f,brooding,Y,4,,,
Isleria hauxwelli,P02_IGZ14,Pollos 04-10 Sep,1436-1468,1,05-Sep-14,,20,5:45:00,6:07:00,0:22:00,22,0.366666667,f,off,N,4,,,
Isleria hauxwelli,P02_IGZ14,Pollos 04-10 Sep,1440-1442,,05-Sep-14,54,20,5:49:00,5:51:00,0:02:00,2,0.033333333,m,Feeding,N,4,,,
Isleria hauxwelli,P02_IGZ14,Pollos 04-10 Sep,1444-1446,,05-Sep-14,54,20,5:53:00,5:55:00,0:02:00,2,0.033333333,f,Feeding,N,4,,,
Isleria hauxwelli,P02_IGZ14,Pollos 04-10 Sep,1446-1457,,05-Sep-14,,20,5:55:00,6:05:54,0:10:54,10.95,0.1825,f,brooding,N,4,,,
Isleria hauxwelli,P02_IGZ14,Pollos 04-10 Sep,1457-1468,,05-Sep-14,55,21,6:05:54,6:07:00,0:01:06,1.1,0.018333333,m,Feeding,N,4,,,
Isleria hauxwelli,P02_IGZ14,Pollos 04-10 Sep,1468-1475,,05-Sep-14,,21,6:07:00,6:14:00,0:07:00,7,0.116666667,m,brooding,N,4,,,
Isleria hauxwelli,P02_IGZ14,Pollos 04-10 Sep,1475-1476,2,05-Sep-14,,21,6:14:00,6:15:00,0:01:00,1,0.016666667,m,off,N,4,,,
Isleria hauxwelli,P02_IGZ14,Pollos 04-10 Sep,1476-1481,,05-Sep-14,,21,6:15:00,6:20:00,0:05:00,5,0.083333333,f,brooding,N,4,,,
Isleria hauxwelli,P02_IGZ14,Pollos 04-10 Sep,1481-1490,,05-Sep-14,,21,6:20:00,6:29:00,0:09:00,9,0.15,f,off,N,4,,,
Isleria hauxwelli,P02_IGZ14,Pollos 04-10 Sep,1486-1488,,05-Sep-14,55,21,6:25:00,6:27:00,0:02:00,2,0.033333333,f,Feeding,N,4,,,
Isleria hauxwelli,P02_IGZ14,Pollos 04-10 Sep,1490-1509,,05-Sep-14,,21,6:29:00,6:48:00,0:19:00,19,0.316666667,m,brooding,N,4,,,
Isleria hauxwelli,P02_IGZ14,Pollos 04-10 Sep,1509-1510,3,05-Sep-14,,21,6:48:00,6:49:00,0:01:00,1,0.016666667,m,off,N,4,,,
Isleria hauxwelli,P02_IGZ14,Pollos 04-10 Sep,1510-1525,,05-Sep-14,,21,6:49:00,7:04:00,0:15:00,15,0.25,f,brooding,N,4,,,
Isleria hauxwelli,P02_IGZ14,Pollos 04-10 Sep,1525-1531,4,05-Sep-14,,22,7:04:00,7:10:00,0:06:00,6,0.1,f,off,N,4,,,
Isleria hauxwelli,P02_IGZ14,Pollos 04-10 Sep,1530-1531,,05-Sep-14,56,22,7:09:00,7:10:00,0:01:00,1,0.016666667,m,Feeding,N,4,,,
Isleria hauxwelli,P02_IGZ14,Pollos 04-10 Sep,1531-1532,,05-Sep-14,,22,7:10:00,7:11:00,0:01:00,1,0.016666667,m,brooding,N,4,,,
Isleria hauxwelli,P02_IGZ14,Pollos 04-10 Sep,1531-1532,5,05-Sep-14,,22,7:10:00,7:11:00,0:01:00,1,0.016666667,m,off,N,4,,,
Isleria hauxwelli,P02_IGZ14,Pollos 04-10 Sep,1532-1535,,05-Sep-14,56,22,7:11:00,7:14:00,0:03:00,3,0.05,f,Feeding,N,4,,,
Isleria hauxwelli,P02_IGZ14,Pollos 04-10 Sep,1535-1549,,05-Sep-14,,22,7:14:00,7:28:00,0:14:00,14,0.233333333,f,brooding,N,4,,,
Isleria hauxwelli,P02_IGZ14,Pollos 04-10 Sep,1549-1550,6,05-Sep-14,,22,7:28:00,7:29:00,0:01:00,1,0.016666667,f,off,N,4,,,
Isleria hauxwelli,P02_IGZ14,Pollos 04-10 Sep,1549-1550,,05-Sep-14,56,22,7:28:00,7:29:00,0:01:00,1,0.016666667,m,Feeding,N,4,,,
Isleria hauxwelli,P02_IGZ14,Pollos 04-10 Sep,1550-1613,,05-Sep-14,,22,7:29:00,8:22:00,0:53:00,53,0.883333333,m,brooding,N,4,,,
Isleria hauxwelli,P02_IGZ14,Pollos 04-10 Sep,1613-1615,7,05-Sep-14,,23,8:22:00,8:24:00,0:02:00,2,0.033333333,m,off,N,4,,,
Isleria hauxwelli,P02_IGZ14,Pollos 04-10 Sep,1615-1629,,05-Sep-14,,23,8:24:00,8:38:00,0:14:00,14,0.233333333,f,brooding,N,4,,,
Isleria hauxwelli,P02_IGZ14,Pollos 04-10 Sep,1629-1631,8,05-Sep-14,,23,8:38:00,8:40:00,0:02:00,2,0.033333333,f,off,N,4,,,
Isleria hauxwelli,P02_IGZ14,Pollos 04-10 Sep,1631-1643,,05-Sep-14,,23,8:40:00,8:52:00,0:12:00,12,0.2,f,brooding,N,4,,,
Isleria hauxwelli,P02_IGZ14,Pollos 04-10 Sep,1643-1647,9,05-Sep-14,,23,8:52:00,8:56:00,0:04:00,4,0.066666667,f,off,N,4,,,
Isleria hauxwelli,P02_IGZ14,Pollos 04-10 Sep,1644-1647,,05-Sep-14,57,23,8:53:00,8:56:00,0:03:00,3,0.05,f,Feeding,N,4,,,
Isleria hauxwelli,P02_IGZ14,Pollos 04-10 Sep,1647-1655,,05-Sep-14,,23,8:56:00,9:04:00,0:08:00,8,0.133333333,f,brooding,N,4,,,
Isleria hauxwelli,P02_IGZ14,Pollos 04-10 Sep,1655-1659,10,05-Sep-14,,24,9:04:00,9:08:00,0:04:00,4,0.066666667,f,off,N,4,,,
Isleria hauxwelli,P02_IGZ14,Pollos 04-10 Sep,1655-1656,,05-Sep-14,58,24,9:04:00,9:05:00,0:01:00,1,0.016666667,m,Feeding,N,4,,,
Isleria hauxwelli,P02_IGZ14,Pollos 04-10 Sep,1659-1702,,05-Sep-14,,24,9:08:00,9:51:00,0:43:00,43,0.716666667,m,brooding,N,4,,,
Isleria hauxwelli,P02_IGZ14,Pollos 04-10 Sep,1702-1703,11,05-Sep-14,,24,9:51:00,9:52:00,0:01:00,1,0.016666667,m,off,N,4,,,
Isleria hauxwelli,P02_IGZ14,Pollos 04-10 Sep,1703-1714,,05-Sep-14,,24,9:52:00,10:03:00,0:11:00,11,0.183333333,f,brooding,N,4,,,
Isleria hauxwelli,P02_IGZ14,Pollos 04-10 Sep,1714-1871,12,05-Sep-14,,25,10:03:00,12:00:00,1:57:00,117,1.95,f,off,N,4,,,
Isleria hauxwelli,P02_IGZ14,Pollos 04-10 Sep,1855-1857,,05-Sep-14,60,26,11:54:00,11:56:00,0:02:00,2,0.033333333,m,Feeding,N,4,,,
Isleria hauxwelli,P02_IGZ14,Pollos 04-10 Sep,1857-1860,,05-Sep-14,60,26,11:56:00,11:59:00,0:03:00,3,0.05,f,Feeding,N,4,,,
Isleria hauxwelli,P02_IGZ14,Pollos 04-10 Sep,1871-1894,,05-Sep-14,,27,12:00:00,12:23:00,0:23:00,23,0.383333333,f,brooding,N,4,,,
Isleria hauxwelli,P02_IGZ14,Pollos 04-10 Sep,1894-1895,13,05-Sep-14,,27,12:23:00,12:24:00,0:01:00,1,0.016666667,f,off,N,4,,,
Isleria hauxwelli,P02_IGZ14,Pollos 04-10 Sep,1895-1896,,05-Sep-14,61,27,12:24:00,12:25:00,0:01:00,1,0.016666667,m,Feeding,N,4,,,
Isleria hauxwelli,P02_IGZ14,Pollos 04-10 Sep,1896-1909,,05-Sep-14,,27,12:25:00,12:38:00,0:13:00,13,0.216666667,m,brooding,N,4,,,
Isleria hauxwelli,P02_IGZ14,Pollos 04-10 Sep,1909-1923,,05-Sep-14,61,27,12:38:00,12:42:00,0:04:00,4,0.066666667,f,Feeding,N,4,,,
Isleria hauxwelli,P02_IGZ14,Pollos 04-10 Sep,1923-1973,,05-Sep-14,,27,12:42:00,13:32:00,0:50:00,50,0.833333333,f,brooding,N,4,,,
Isleria hauxwelli,P02_IGZ14,Pollos 04-10 Sep,1973-1996,14,05-Sep-14,,28,13:32:00,13:55:00,0:23:00,23,0.383333333,f,off,N,4,,,
Isleria hauxwelli,P02_IGZ14,Pollos 04-10 Sep,1995-1996,,05-Sep-14,62,28,13:54:00,13:55:00,0:01:00,1,0.016666667,f,Feeding,N,4,,,
Isleria hauxwelli,P02_IGZ14,Pollos 04-10 Sep,1996-2002,,05-Sep-14,,28,13:55:00,14:01:00,0:06:00,6,0.1,f,brooding,N,4,,,
Isleria hauxwelli,P02_IGZ14,Pollos 04-10 Sep,2002-2058,15,05-Sep-14,,29,14:01:00,14:57:00,0:56:00,56,0.933333333,f,off,N,4,,,
Isleria hauxwelli,P02_IGZ14,Pollos 04-10 Sep,2003-2005,,05-Sep-14,63,29,14:02:00,14:04:00,0:02:00,2,0.033333333,m,Feeding,N,4,,,
Isleria hauxwelli,P02_IGZ14,Pollos 04-10 Sep,2058-2104,,05-Sep-14,,29,14:57:00,15:43:00,0:46:00,46,0.766666667,m,brooding,N,4,,,
Isleria hauxwelli,P02_IGZ14,Pollos 04-10 Sep,2104-2119,16,05-Sep-14,,30,15:43:00,15:48:00,0:05:00,5,0.083333333,m,off,N,4,,,
Isleria hauxwelli,P02_IGZ14,Pollos 04-10 Sep,2105-2118,,05-Sep-14,64,30,15:44:00,15:47:00,0:03:00,3,0.05,f,Feeding,N,4,,,
Isleria hauxwelli,P02_IGZ14,Pollos 04-10 Sep,2119-2174,,05-Sep-14,,30,15:48:00,16:43:00,0:55:00,55,0.916666667,f,brooding,N,4,,,
Isleria hauxwelli,P02_IGZ14,Pollos 04-10 Sep,2174-2184,17,05-Sep-14,,31,16:43:00,16:53:00,0:10:00,10,0.166666667,f,off,N,4,,,
Isleria hauxwelli,P02_IGZ14,Pollos 04-10 Sep,2184-2212,,05-Sep-14,,29,14:53:00,17:21:00,2:28:00,148,2.466666667,f,brooding,N,4,,,
Isleria hauxwelli,P02_IGZ14,Pollos 04-10 Sep,2212-2231,18,05-Sep-14,,32,17:21:00,17:40:00,0:19:00,19,0.316666667,f,off,N,4,,,
Isleria hauxwelli,P02_IGZ14,Pollos 04-10 Sep,2231-2956,,05-Sep-14,,32,17:40:00,0:00:00,6:20:00,380,6.333333333,f,brooding,Y,4,,,
Isleria hauxwelli,P02_IGZ14,Pollos 04-10 Sep,2231-2956,,06-Sep-14,,,0:00:00,5:45:00,5:45:00,345,5.75,f,brooding,Y,5,,,
Isleria hauxwelli,P02_IGZ14,Pollos 04-10 Sep,2956-2976,1,06-Sep-14,,33,5:45:00,5:55:00,0:10:00,10,0.166666667,f ,off,N,5,,,
Isleria hauxwelli,P02_IGZ14,Pollos 04-10 Sep,2960-2970,,06-Sep-14,78,33,5:48:04,5:49:00,0:00:56,0.9,0.015,m,Feeding,N,5,,,
Isleria hauxwelli,P02_IGZ14,Pollos 04-10 Sep,2976-2998,,06-Sep-14,,33,5:55:00,6:16:26,0:21:26,21.4,0.356666667,f,brooding,N,5,,,
Isleria hauxwelli,P02_IGZ14,Pollos 04-10 Sep,2998-3008,2,06-Sep-14,,34,6:16:26,6:18:00,0:01:34,1.5,0.025,f,off,N,5,,,
Isleria hauxwelli,P02_IGZ14,Pollos 04-10 Sep,2998-3008,,06-Sep-14,79,34,6:16:26,6:18:00,0:01:34,1.5,0.025,m,Feeding,N,5,,,
Isleria hauxwelli,P02_IGZ14,Pollos 04-10 Sep,3008-3028,,06-Sep-14,,34,6:18:00,6:37:00,0:19:00,19,0.316666667,m,brooding,N,5,,,
Isleria hauxwelli,P02_IGZ14,Pollos 04-10 Sep,3028-3033,3,06-Sep-14,,34,6:37:00,6:42:00,0:05:00,5,0.083333333,m,off,N,5,,,
Isleria hauxwelli,P02_IGZ14,Pollos 04-10 Sep,3033-3036,,06-Sep-14,,34,6:42:00,6:45:00,0:03:00,3,0.05,f,brooding,N,5,,,
Isleria hauxwelli,P02_IGZ14,Pollos 04-10 Sep,3036-3039,4,06-Sep-14,,34,6:45:00,6:48:00,0:03:00,3,0.05,f,off,N,5,,,
Isleria hauxwelli,P02_IGZ14,Pollos 04-10 Sep,3039-3046,,06-Sep-14,,34,6:48:00,6:55:00,0:07:00,7,0.116666667,f,brooding,N,5,,,
Isleria hauxwelli,P02_IGZ14,Pollos 04-10 Sep,3046-3063,5,06-Sep-14,,34,6:55:00,7:12:00,0:17:00,17,0.283333333,f,off,N,5,,,
Isleria hauxwelli,P02_IGZ14,Pollos 04-10 Sep,3063-3068,,06-Sep-14,80,35,7:12:00,7:17:00,0:05:00,5,0.083333333,f,Feeding,N,5,,,
Isleria hauxwelli,P02_IGZ14,Pollos 04-10 Sep,3068-3117,,06-Sep-14,,35,7:17:00,8:06:00,0:49:00,49,0.816666667,f,brooding,N,5,,,
Isleria hauxwelli,P02_IGZ14,Pollos 04-10 Sep,3117-3129,6,06-Sep-14,,36,8:06:00,8:18:00,0:12:00,12,0.2,f,off,N,5,,,
Isleria hauxwelli,P02_IGZ14,Pollos 04-10 Sep,3129-3130,,06-Sep-14,81,36,8:18:00,8:19:00,0:01:00,1,0.016666667,f,Feeding,N,5,,,
Isleria hauxwelli,P02_IGZ14,Pollos 04-10 Sep,3130-3147,,06-Sep-14,,36,8:19:00,8:36:00,0:17:00,17,0.283333333,f,brooding,N,5,,,
Isleria hauxwelli,P02_IGZ14,Pollos 04-10 Sep,3147-3152,7,06-Sep-14,,36,8:36:00,8:41:00,0:05:00,5,0.083333333,f,off,N,5,,,
Isleria hauxwelli,P02_IGZ14,Pollos 04-10 Sep,3152-3179,,06-Sep-14,,36,8:41:00,9:08:00,0:27:00,27,0.45,m,brooding,N,5,,,
Isleria hauxwelli,P02_IGZ14,Pollos 04-10 Sep,3179-3180,8,06-Sep-14,,37,9:08:00,9:09:00,0:01:00,1,0.016666667,m,off,N,5,,,
Isleria hauxwelli,P02_IGZ14,Pollos 04-10 Sep,3180-3181,,06-Sep-14,82,37,9:09:00,9:10:00,0:01:00,1,0.016666667,f,Feeding,N,5,,,
Isleria hauxwelli,P02_IGZ14,Pollos 04-10 Sep,3181-3230,,06-Sep-14,,37,9:10:00,9:59:00,0:49:00,49,0.816666667,f,brooding,N,5,,,
Isleria hauxwelli,P02_IGZ14,Pollos 04-10 Sep,3230-3375,9,06-Sep-14,,37,9:59:00,11:34:00,1:35:00,95,1.583333333,f,off,N,5,,,
Isleria hauxwelli,P02_IGZ14,Pollos 04-10 Sep,3337-3355,,06-Sep-14,84,38,11:21:00,11:24:00,0:03:00,3,0.05,m,Feeding,N,5,,,
Isleria hauxwelli,P02_IGZ14,Pollos 04-10 Sep,3363-3374,,06-Sep-14,84,38,11:32:00,11:33:00,0:01:00,1,0.016666667,m,Feeding,N,5,,,
Isleria hauxwelli,P02_IGZ14,Pollos 04-10 Sep,3374-3375,,06-Sep-14,84,38,11:33:00,11:34:00,0:01:00,1,0.016666667,f,Feeding,N,5,,,
Isleria hauxwelli,P02_IGZ14,Pollos 04-10 Sep,3375-3409,,06-Sep-14,,38,11:34:00,12:07:00,0:33:00,33,0.55,f,brooding,N,5,,,
Isleria hauxwelli,P02_IGZ14,Pollos 04-10 Sep,3409-3410,,06-Sep-14,85,39,12:07:00,12:08:00,0:01:00,1,0.016666667,m,Feeding,N,5,,,
Isleria hauxwelli,P02_IGZ14,Pollos 04-10 Sep,3409-3456,10,06-Sep-14,,39,12:07:00,12:55:00,0:48:00,48,0.8,f,off,N,5,,,
Isleria hauxwelli,P02_IGZ14,Pollos 04-10 Sep,3456-3470,,06-Sep-14,85,39,12:55:00,12:59:00,0:04:00,4,0.066666667,f,Feeding,N,5,,,
Isleria hauxwelli,P02_IGZ14,Pollos 04-10 Sep,3470-3480,,06-Sep-14,,39,12:59:00,13:09:00,0:10:00,10,0.166666667,f,brooding,N,5,,,
Isleria hauxwelli,P02_IGZ14,Pollos 04-10 Sep,3480-3494,11,06-Sep-14,,40,13:09:00,13:23:00,0:14:00,14,0.233333333,f,off,N,5,,,
Isleria hauxwelli,P02_IGZ14,Pollos 04-10 Sep,3481-3484,,06-Sep-14,86,40,13:10:00,13:13:00,0:03:00,3,0.05,f,Feeding,N,5,,,
Isleria hauxwelli,P02_IGZ14,Pollos 04-10 Sep,3492-3494,,06-Sep-14,86,40,13:21:00,13:23:00,0:02:00,2,0.033333333,f,Feeding,N,5,,,
Isleria hauxwelli,P02_IGZ14,Pollos 04-10 Sep,3494-3505,,06-Sep-14,,40,13:23:00,13:34:00,0:11:00,11,0.183333333,f,brooding,N,5,,,
Isleria hauxwelli,P02_IGZ14,Pollos 04-10 Sep,3505-3561,12,06-Sep-14,,40,13:34:00,14:30:00,0:56:00,56,0.933333333,f,off,N,5,,,
Isleria hauxwelli,P02_IGZ14,Pollos 04-10 Sep,3557-3561,,06-Sep-14,87,41,14:26:00,14:30:00,0:04:00,4,0.066666667,f,Feeding,N,5,,,
Isleria hauxwelli,P02_IGZ14,Pollos 04-10 Sep,3561-3563,,06-Sep-14,,41,14:30:00,14:32:00,0:02:00,2,0.033333333,f,brooding,N,5,,,
Isleria hauxwelli,P02_IGZ14,Pollos 04-10 Sep,3563-3566,13,06-Sep-14,,41,14:32:00,14:35:00,0:03:00,3,0.05,f,off,N,5,,,
Isleria hauxwelli,P02_IGZ14,Pollos 04-10 Sep,3564-3566,,06-Sep-14,87,41,14:33:00,14:35:00,0:02:00,2,0.033333333,f,Feeding,N,5,,,
Isleria hauxwelli,P02_IGZ14,Pollos 04-10 Sep,3566-3570,,06-Sep-14,,41,14:35:00,14:39:00,0:04:00,4,0.066666667,f,brooding,N,5,,,
Isleria hauxwelli,P02_IGZ14,Pollos 04-10 Sep,3570-3626,14,06-Sep-14,,41,14:39:00,15:25:00,0:46:00,46,0.766666667,f,off,N,5,,,
Isleria hauxwelli,P02_IGZ14,Pollos 04-10 Sep,3615-3626,,06-Sep-14,72,42,13:23:20,15:25:00,2:01:40,121,2.016666667,m,uk,N,5,,,
Isleria hauxwelli,P02_IGZ14,Pollos 04-10 Sep,3626-3662,,06-Sep-14,,42,15:25:00,16:01:00,0:36:00,36,0.6,m,brooding,N,5,,,
Isleria hauxwelli,P02_IGZ14,Pollos 04-10 Sep,3662-3666,15,06-Sep-14,,42,16:01:00,16:05:00,0:04:00,4,0.066666667,m,off,N,5,,,
Isleria hauxwelli,P02_IGZ14,Pollos 04-10 Sep,3664-3666,,06-Sep-14,89,42,16:03:00,16:05:00,0:02:00,2,0.033333333,f,Feeding,N,5,,,
Isleria hauxwelli,P02_IGZ14,Pollos 04-10 Sep,3666-3689,,06-Sep-14,,42,16:05:00,16:28:00,0:23:00,23,0.383333333,f,brooding,N,5,,,
Isleria hauxwelli,P02_IGZ14,Pollos 04-10 Sep,3689-3751,16,06-Sep-14,,42,16:28:00,17:30:00,1:02:00,62,1.033333333,f,off,N,5,,,
Isleria hauxwelli,P02_IGZ14,Pollos 04-10 Sep,3691-3696,,06-Sep-14,89,42,16:30:00,16:35:00,0:05:00,5,0.083333333,u,Feeding,N,5,,,
Isleria hauxwelli,P02_IGZ14,Pollos 04-10 Sep,3751-4478,,06-Sep-14,,43,17:30:00,0:00:00,6:30:00,390,6.5,f,brooding,Y,5,,,
Isleria hauxwelli,P02_IGZ14,Pollos 04-10 Sep,3751-4478,,07-Sep-14,,,0:00:00,5:37:00,5:37:00,337,5.616666667,f,brooding,Y,6,,,
Isleria hauxwelli,P02_IGZ14,Pollos 04-10 Sep,4478-4499,17,07-Sep-14,,44,5:37:00,5:58:00,0:21:00,21,0.35,f,off,N,6,,,
Isleria hauxwelli,P02_IGZ14,Pollos 04-10 Sep,4498-4499,,07-Sep-14,102,44,5:57:00,5:58:00,0:01:00,1,0.016666667,f,Feeding,N,6,,,
Isleria hauxwelli,P02_IGZ14,Pollos 04-10 Sep,4499-4517,,07-Sep-14,,44,5:58:00,6:16:00,0:18:00,18,0.3,f,brooding,N,6,,,
Isleria hauxwelli,P02_IGZ14,Pollos 04-10 Sep,4517-4532,18,07-Sep-14,,45,6:16:00,6:31:00,0:15:00,15,0.25,f,off,N,6,,,
Isleria hauxwelli,P02_IGZ14,Pollos 04-10 Sep,4531-4532,,07-Sep-14,103,45,6:30:00,6:31:00,0:01:00,1,0.016666667,f,Feeding,N,6,,,
Isleria hauxwelli,P02_IGZ14,Pollos 04-10 Sep,4532-4546,,07-Sep-14,,45,6:31:00,6:45:00,0:14:00,14,0.233333333,f,brooding,N,6,,,
Isleria hauxwelli,P02_IGZ14,Pollos 04-10 Sep,4546-4574,19,07-Sep-14,,45,6:45:00,7:13:00,0:28:00,28,0.466666667,f,off,N,6,,,
Isleria hauxwelli,P02_IGZ14,Pollos 04-10 Sep,4555-4557,,07-Sep-14,103,45,6:54:00,6:56:00,0:02:00,2,0.033333333,u,Feeding,N,6,,,
Isleria hauxwelli,P02_IGZ14,Pollos 04-10 Sep,4573-4574,,07-Sep-14,104,46,7:12:00,7:13:00,0:01:00,1,0.016666667,f,Feeding,N,6,,,
Isleria hauxwelli,P02_IGZ14,Pollos 04-10 Sep,4574-4593,,07-Sep-14,,46,7:13:00,7:32:00,0:19:00,19,0.316666667,f,brooding,N,6,,,
Isleria hauxwelli,P02_IGZ14,Pollos 04-10 Sep,4593-4615,20,07-Sep-14,,46,7:32:00,7:54:00,0:22:00,22,0.366666667,f,off,N,6,,,
Isleria hauxwelli,P02_IGZ14,Pollos 04-10 Sep,4614-4615,,07-Sep-14,104,46,7:53:00,7:54:00,0:01:00,1,0.016666667,f,Feeding,N,6,,,
Isleria hauxwelli,P02_IGZ14,Pollos 04-10 Sep,4615-4618,,07-Sep-14,,46,7:54:00,7:57:00,0:03:00,3,0.05,f,brooding,N,6,,,
Isleria hauxwelli,P02_IGZ14,Pollos 04-10 Sep,4618-4619,21,07-Sep-14,,46,7:57:00,7:58:00,0:01:00,1,0.016666667,f,off,N,6,,,
Isleria hauxwelli,P02_IGZ14,Pollos 04-10 Sep,4619-4620,,07-Sep-14,104,46,7:58:00,7:59:00,0:01:00,1,0.016666667,f,Feeding,N,6,,,
Isleria hauxwelli,P02_IGZ14,Pollos 04-10 Sep,4620-4641,,07-Sep-14,,46,7:59:00,8:20:00,0:21:00,21,0.35,f,brooding,N,6,,,
Isleria hauxwelli,P02_IGZ14,Pollos 04-10 Sep,4641-4642,22,07-Sep-14,,47,8:20:00,8:21:00,0:01:00,1,0.016666667,f,off,N,6,,,
Isleria hauxwelli,P02_IGZ14,Pollos 04-10 Sep,4642-4672,,07-Sep-14,,47,8:21:00,8:51:00,0:30:00,30,0.5,m,brooding,N,6,,,
Isleria hauxwelli,P02_IGZ14,Pollos 04-10 Sep,4672-4684,,07-Sep-14,105,47,8:51:00,8:53:00,0:02:00,2,0.033333333,f,Feeding,N,6,,,
Isleria hauxwelli,P02_IGZ14,Pollos 04-10 Sep,4672-4673,23,07-Sep-14,,47,8:51:00,8:52:00,0:01:00,1,0.016666667,m,off,N,6,,,
Isleria hauxwelli,P02_IGZ14,Pollos 04-10 Sep,4684-4685,,07-Sep-14,,47,8:53:00,8:54:00,0:01:00,1,0.016666667,f,brooding,N,6,,,
Isleria hauxwelli,P02_IGZ14,Pollos 04-10 Sep,4685-4689,24,07-Sep-14,,47,8:54:00,8:58:00,0:04:00,4,0.066666667,f,off,N,6,,,
Isleria hauxwelli,P02_IGZ14,Pollos 04-10 Sep,4687-4689,,07-Sep-14,105,47,8:56:00,8:58:00,0:02:00,2,0.033333333,f,Feeding,N,6,,,
Isleria hauxwelli,P02_IGZ14,Pollos 04-10 Sep,4689-4728,,07-Sep-14,,47,8:58:00,9:37:00,0:39:00,39,0.65,f,brooding,N,6,,,
Isleria hauxwelli,P02_IGZ14,Pollos 04-10 Sep,4728-4758,25,07-Sep-14,,48,9:37:00,9:57:00,0:20:00,20,0.333333333,f,off,N,6,,,
Isleria hauxwelli,P02_IGZ14,Pollos 04-10 Sep,4728-4740,,07-Sep-14,106,48,9:37:00,9:42:39,0:05:39,5.8,0.096666667,m,Feeding,N,6,,,
Isleria hauxwelli,P02_IGZ14,Pollos 04-10 Sep,4755-4758,,07-Sep-14,106,48,9:55:00,9:57:00,0:02:00,2,0.033333333,f,Feeding,N,6,,,
Isleria hauxwelli,P02_IGZ14,Pollos 04-10 Sep,4758-4786,,07-Sep-14,,48,9:57:00,10:25:00,0:28:00,28,0.466666667,f,brooding,N,6,,,
Isleria hauxwelli,P02_IGZ14,Pollos 04-10 Sep,4786-4805,26,07-Sep-14,,49,10:25:00,10:44:00,0:19:00,19,0.316666667,f,off,N,6,,,
Isleria hauxwelli,P02_IGZ14,Pollos 04-10 Sep,4788-4789,,07-Sep-14,107,49,10:27:00,10:28:00,0:01:00,1,0.016666667,m,Feeding,N,6,,,
Isleria hauxwelli,P02_IGZ14,Pollos 04-10 Sep,4793-4805,,07-Sep-14,107,49,10:32:00,10:44:00,0:12:00,12,0.2,m,Feeding,N,6,,,
Isleria hauxwelli,P02_IGZ14,Pollos 04-10 Sep,4805-4850,,07-Sep-14,,49,10:44:00,11:29:00,0:45:00,45,0.75,m,brooding,N,6,,,
Isleria hauxwelli,P02_IGZ14,Pollos 04-10 Sep,4850-4876,27,07-Sep-14,,50,11:29:00,11:45:00,0:16:00,16,0.266666667,m,off,N,6,,,
Isleria hauxwelli,P02_IGZ14,Pollos 04-10 Sep,4865-4867,,07-Sep-14,108,50,11:34:00,11:36:00,0:02:00,2,0.033333333,f,Feeding,N,6,,,
Isleria hauxwelli,P02_IGZ14,Pollos 04-10 Sep,4868-4876,,07-Sep-14,108,50,11:37:00,11:45:00,0:08:00,8,0.133333333,f,Feeding,N,6,,,
Isleria hauxwelli,P02_IGZ14,Pollos 04-10 Sep,4876-4894,,07-Sep-14,,50,11:45:00,12:03:00,0:18:00,18,0.3,f,brooding,N,6,,,
Isleria hauxwelli,P02_IGZ14,Pollos 04-10 Sep,4894-4899,28,07-Sep-14,,51,12:03:00,12:08:00,0:05:00,5,0.083333333,f,off,N,6,,,
Isleria hauxwelli,P02_IGZ14,Pollos 04-10 Sep,4895-4897,,07-Sep-14,109,51,12:04:00,12:06:00,0:02:00,2,0.033333333,m,Feeding,N,6,,,
Isleria hauxwelli,P02_IGZ14,Pollos 04-10 Sep,4898-4899,,07-Sep-14,109,51,12:07:00,12:08:00,0:01:00,1,0.016666667,f,Feeding,N,6,,,
Isleria hauxwelli,P02_IGZ14,Pollos 04-10 Sep,4899-4936,,07-Sep-14,,51,12:08:00,12:45:00,0:37:00,37,0.616666667,f,brooding,N,6,,,
Isleria hauxwelli,P02_IGZ14,Pollos 04-10 Sep,4936-5045,29,07-Sep-14,,51,12:45:00,14:34:00,1:49:00,109,1.816666667,f,off,N,6,,,
Isleria hauxwelli,P02_IGZ14,Pollos 04-10 Sep,4936-4937,,07-Sep-14,109,51,12:45:00,12:46:00,0:01:00,1,0.016666667,m,Feeding,N,6,,,
Isleria hauxwelli,P02_IGZ14,Pollos 04-10 Sep,4965-4975,,07-Sep-14,110,52,13:14:00,13:24:00,0:10:00,10,0.166666667,f,Feeding,N,6,,,
Isleria hauxwelli,P02_IGZ14,Pollos 04-10 Sep,4975-4976,,07-Sep-14,110,52,13:24:00,13:25:00,0:01:00,1,0.016666667,m,Feeding,N,6,,,
Isleria hauxwelli,P02_IGZ14,Pollos 04-10 Sep,5044-5045,,07-Sep-14,111,53,14:33:00,14:34:00,0:01:00,1,0.016666667,f,Feeding,N,6,,,
Isleria hauxwelli,P02_IGZ14,Pollos 04-10 Sep,5045-5051,,07-Sep-14,,53,14:34:00,14:40:00,0:06:00,6,0.1,f,brooding,N,6,,,
Isleria hauxwelli,P02_IGZ14,Pollos 04-10 Sep,5051-5052,,07-Sep-14,111,53,14:40:00,14:41:00,0:01:00,1,0.016666667,m,Feeding,N,6,,,
Isleria hauxwelli,P02_IGZ14,Pollos 04-10 Sep,5051-5138,30,07-Sep-14,,53,14:40:00,16:07:00,1:27:00,87,1.45,f,off,N,6,,,
Isleria hauxwelli,P02_IGZ14,Pollos 04-10 Sep,5070-5072,,07-Sep-14,111,53,14:59:00,15:01:00,0:02:00,2,0.033333333,f,Feeding,N,6,,,
Isleria hauxwelli,P02_IGZ14,Pollos 04-10 Sep,5137-5138,,07-Sep-14,113,54,16:06:00,16:07:00,0:01:00,1,0.016666667,f,Feeding,N,6,,,
Isleria hauxwelli,P02_IGZ14,Pollos 04-10 Sep,5138-5148,,07-Sep-14,,54,16:07:00,16:17:00,0:10:00,10,0.166666667,f,brooding,N,6,,,
Isleria hauxwelli,P02_IGZ14,Pollos 04-10 Sep,5148-5224,31,07-Sep-14,,54,16:17:00,17:33:00,1:16:00,76,1.266666667,f,off,N,6,,,
Isleria hauxwelli,P02_IGZ14,Pollos 04-10 Sep,5151-5152,,07-Sep-14,113,54,16:20:00,16:21:00,0:01:00,1,0.016666667,m,Feeding,N,6,,,
Isleria hauxwelli,P02_IGZ14,Pollos 04-10 Sep,5168-5169,,07-Sep-14,113,54,16:37:00,16:38:00,0:01:00,1,0.016666667,m,Feeding,N,6,,,
Isleria hauxwelli,P02_IGZ14,Pollos 04-10 Sep,5224-5952,,07-Sep-14,,55,17:33:00,0:00:00,6:27:00,387,6.45,f,brooding,Y,6,,,
Isleria hauxwelli,P02_IGZ14,Pollos 04-10 Sep,5224-5952,,08-Sep-14,,,0:00:00,5:41:00,5:41:00,341,5.683333333,f,brooding,Y,7,,,
Isleria hauxwelli,P02_IGZ14,Pollos 04-10 Sep,5952-6009,1,08-Sep-14,,56,5:41:00,6:28:00,0:47:00,47,0.783333333,f,off,N,7,,,
Isleria hauxwelli,P02_IGZ14,Pollos 04-10 Sep,5960-5970,,08-Sep-14,126,56,5:48:31,5:49:00,0:00:29,0.5,0.008333333,m,Feeding,N,7,,,
Isleria hauxwelli,P02_IGZ14,Pollos 04-10 Sep,6009-6013,,08-Sep-14,,57,6:28:00,6:32:00,0:04:00,4,0.066666667,f,brooding,N,7,,,
Isleria hauxwelli,P02_IGZ14,Pollos 04-10 Sep,6013-6021,2,08-Sep-14,,57,6:32:00,6:40:00,0:08:00,8,0.133333333,f,off,N,7,,,
Isleria hauxwelli,P02_IGZ14,Pollos 04-10 Sep,6020-6021,,08-Sep-14,127,57,6:39:00,6:40:00,0:01:00,1,0.016666667,f,Feeding,N,7,,,
Isleria hauxwelli,P02_IGZ14,Pollos 04-10 Sep,6021-6025,,08-Sep-14,,57,6:40:00,6:44:00,0:04:00,4,0.066666667,f,brooding,N,7,,,
Isleria hauxwelli,P02_IGZ14,Pollos 04-10 Sep,6025-6046,3,08-Sep-14,,57,6:44:00,7:05:00,0:21:00,21,0.35,f,off,N,7,,,
Isleria hauxwelli,P02_IGZ14,Pollos 04-10 Sep,6025-6026,,08-Sep-14,127,57,6:44:00,6:45:00,0:01:00,1,0.016666667,m,Feeding,N,7,,,
Isleria hauxwelli,P02_IGZ14,Pollos 04-10 Sep,6030-6031,,08-Sep-14,127,57,6:49:00,6:50:00,0:01:00,1,0.016666667,u,Feeding,N,7,,,
Isleria hauxwelli,P02_IGZ14,Pollos 04-10 Sep,6037-6039,,08-Sep-14,127,57,6:56:00,6:58:00,0:02:00,2,0.033333333,u,Feeding,N,7,,,
Isleria hauxwelli,P02_IGZ14,Pollos 04-10 Sep,6043-6046,,08-Sep-14,128,58,7:02:00,7:05:00,0:03:00,3,0.05,f,Feeding,N,7,,,
Isleria hauxwelli,P02_IGZ14,Pollos 04-10 Sep,6046-6068,,08-Sep-14,,58,7:05:00,7:27:00,0:22:00,22,0.366666667,f,brooding,N,7,,,
Isleria hauxwelli,P02_IGZ14,Pollos 04-10 Sep,6068-6069,,08-Sep-14,128,58,7:27:00,7:28:00,0:01:00,1,0.016666667,m,Feeding,N,7,,,
Isleria hauxwelli,P02_IGZ14,Pollos 04-10 Sep,6068-6099,4,08-Sep-14,,58,7:27:00,7:58:00,0:31:00,31,0.516666667,f,off,N,7,,,
Isleria hauxwelli,P02_IGZ14,Pollos 04-10 Sep,6072-6073,,08-Sep-14,128,58,7:31:00,7:32:00,0:01:00,1,0.016666667,u,Feeding,N,7,,,
Isleria hauxwelli,P02_IGZ14,Pollos 04-10 Sep,6098-6099,,08-Sep-14,128,58,7:57:00,7:58:00,0:01:00,1,0.016666667,f,Feeding,N,7,,,
Isleria hauxwelli,P02_IGZ14,Pollos 04-10 Sep,6099-6130,,08-Sep-14,,58,7:58:00,8:19:00,0:21:00,21,0.35,f,brooding,N,7,,,
Isleria hauxwelli,P02_IGZ14,Pollos 04-10 Sep,6130-6212,5,08-Sep-14,,59,8:19:00,8:51:00,0:32:00,32,0.533333333,f,off,N,7,,,
Isleria hauxwelli,P02_IGZ14,Pollos 04-10 Sep,6211-6212,,08-Sep-14,129,59,8:50:00,8:51:00,0:01:00,1,0.016666667,f,Feeding,N,7,,,
Isleria hauxwelli,P02_IGZ14,Pollos 04-10 Sep,6212-6222,,08-Sep-14,,59,8:51:00,9:01:00,0:10:00,10,0.166666667,f,brooding,N,7,,0,
Isleria hauxwelli,P02_IGZ14,Pollos 04-10 Sep,6222-6548,6,08-Sep-14,,60,9:01:00,14:17:00,5:16:00,316,5.266666667,f,off,N,7,,,
Isleria hauxwelli,P02_IGZ14,Pollos 04-10 Sep,,,08-Sep-14,,,,,,0,0,m,brooding,N,7,,#NAME?,
Isleria hauxwelli,P02_IGZ14,Pollos 04-10 Sep,,,08-Sep-14,,,,,,0,0,m,brooding,N,7,,,
Isleria hauxwelli,P02_IGZ14,Pollos 04-10 Sep,6222-6223,,08-Sep-14,130,60,9:01:00,9:02:00,0:01:00,1,0.016666667,m,Feeding,N,7,,,
Isleria hauxwelli,P02_IGZ14,Pollos 04-10 Sep,6294-6296,,08-Sep-14,131,61,10:13:00,10:15:00,0:02:00,2,0.033333333,m,Feeding,N,7,,,
Isleria hauxwelli,P02_IGZ14,Pollos 04-10 Sep,6324-6325,,08-Sep-14,131,61,10:43:00,10:43:32,0:00:32,0.5,0.008333333,f,Feeding,N,7,,,
Isleria hauxwelli,P02_IGZ14,Pollos 04-10 Sep,6325-6335,,08-Sep-14,131,61,10:43:32,10:44:00,0:00:28,0.5,0.008333333,m,Feeding,N,7,,,
Isleria hauxwelli,P02_IGZ14,Pollos 04-10 Sep,6547-6548,,08-Sep-14,135,62,14:16:00,14:17:00,0:01:00,1,0.016666667,f,Feeding,N,7,,,
Isleria hauxwelli,P02_IGZ14,Pollos 04-10 Sep,6548-6558,,08-Sep-14,,62,14:17:00,14:27:00,0:10:00,10,0.166666667,f,brooding,N,7,,,
Isleria hauxwelli,P02_IGZ14,Pollos 04-10 Sep,6558-6696,7,08-Sep-14,,62,14:27:00,16:32:00,2:05:00,125,2.083333333,f,off,N,7,,,
Isleria hauxwelli,P02_IGZ14,Pollos 04-10 Sep,6558-6561,,08-Sep-14,135,62,14:27:00,14:30:00,0:03:00,3,0.05,m,Feeding,N,7,,,
Isleria hauxwelli,P02_IGZ14,Pollos 04-10 Sep,6593-6594,,08-Sep-14,136,63,15:02:00,15:03:00,0:01:00,1,0.016666667,f,Feeding,N,7,,,
Isleria hauxwelli,P02_IGZ14,Pollos 04-10 Sep,6614-6616,,08-Sep-14,136,63,15:23:00,15:25:00,0:02:00,2,0.033333333,f,Feeding,N,7,,,
Isleria hauxwelli,P02_IGZ14,Pollos 04-10 Sep,6666-6668,,08-Sep-14,137,64,16:15:00,16:17:00,0:02:00,2,0.033333333,f,Feeding,N,7,,,
Isleria hauxwelli,P02_IGZ14,Pollos 04-10 Sep,6671-6672,,08-Sep-14,137,64,16:20:00,16:21:00,0:01:00,1,0.016666667,m,Feeding,N,7,,,
Isleria hauxwelli,P02_IGZ14,Pollos 04-10 Sep,6681-6683,,08-Sep-14,137,64,16:30:00,16:32:00,0:02:00,2,0.033333333,f,Feeding,N,7,,,
Isleria hauxwelli,P02_IGZ14,Pollos 04-10 Sep,6683-6696,,08-Sep-14,,64,16:32:00,16:45:00,0:13:00,13,0.216666667,f,brooding,N,7,,,
Isleria hauxwelli,P02_IGZ14,Pollos 04-10 Sep,6696-6742,8,08-Sep-14,,64,16:45:00,17:31:00,0:46:00,46,0.766666667,f,off,N,7,,,
Isleria hauxwelli,P02_IGZ14,Pollos 04-10 Sep,6742-7470,,08-Sep-14,,65,17:31:00,0:00:00,6:29:00,389,6.483333333,f,brooding,Y,7,,,
Isleria hauxwelli,P02_IGZ14,Pollos 04-10 Sep,6742-7470,,09-Sep-14,,,0:00:00,5:39:00,5:39:00,339,5.65,f,brooding,Y,8,,,
Isleria hauxwelli,P02_IGZ14,Pollos 04-10 Sep,7470-7492,1,09-Sep-14,,66,5:39:00,5:51:00,0:12:00,12,0.2,f,off,N,8,,,
Isleria hauxwelli,P02_IGZ14,Pollos 04-10 Sep,7482-7492,,09-Sep-14,150,66,5:50:31,5:51:00,0:00:29,0.5,0.008333333,m,Feeding,N,8,,,
Isleria hauxwelli,P02_IGZ14,Pollos 04-10 Sep,7492-7498,,09-Sep-14,,66,5:51:00,5:57:00,0:06:00,6,0.1,m,brooding,N,8,,,
Isleria hauxwelli,P02_IGZ14,Pollos 04-10 Sep,7498-7519,2,09-Sep-14,,66,5:57:00,6:18:00,0:21:00,21,0.35,m,off,N,8,,,
Isleria hauxwelli,P02_IGZ14,Pollos 04-10 Sep,7518-7519,,09-Sep-14,151,67,6:17:00,6:18:00,0:01:00,1,0.016666667,f,Feeding,N,8,,,
Isleria hauxwelli,P02_IGZ14,Pollos 04-10 Sep,7519-7531,,09-Sep-14,,67,6:18:00,6:30:00,0:12:00,12,0.2,f,brooding,N,8,,,
Isleria hauxwelli,P02_IGZ14,Pollos 04-10 Sep,7531-7618,3,09-Sep-14,,67,6:30:00,7:47:00,1:17:00,17,0.283333333,f,off,N,8,,,
Isleria hauxwelli,P02_IGZ14,Pollos 04-10 Sep,7536-7538,,09-Sep-14,151,67,6:35:00,6:37:00,0:02:00,2,0.033333333,u,Feeding,N,8,,,
Isleria hauxwelli,P02_IGZ14,Pollos 04-10 Sep,7544-7545,,09-Sep-14,151,67,6:43:00,6:44:00,0:01:00,1,0.016666667,u,Feeding,N,8,,,
Isleria hauxwelli,P02_IGZ14,Pollos 04-10 Sep,7567-7578,,09-Sep-14,152,68,7:05:34,7:07:00,0:01:26,1.4,0.023333333,u,Feeding,N,8,,,
Isleria hauxwelli,P02_IGZ14,Pollos 04-10 Sep,7613-7614,,09-Sep-14,152,68,7:42:00,7:43:00,0:01:00,1,0.016666667,f,Feeding,N,8,,,
Isleria hauxwelli,P02_IGZ14,Pollos 04-10 Sep,7618-7641,,09-Sep-14,,68,7:47:00,8:10:00,0:23:00,23,0.383333333,f,brooding,N,8,,,
Isleria hauxwelli,P02_IGZ14,Pollos 04-10 Sep,7641-8235,4,09-Sep-14,,69,8:10:00,17:34:00,9:24:00,564,9.4,f,off,N,8,,,
Isleria hauxwelli,P02_IGZ14,Pollos 04-10 Sep,7651-7652,,09-Sep-14,153,69,8:20:00,8:21:00,0:01:00,1,0.016666667,m,Feeding,N,8,,,
Isleria hauxwelli,P02_IGZ14,Pollos 04-10 Sep,7678-7680,,09-Sep-14,153,69,8:47:00,8:49:00,0:02:00,2,0.033333333,f,Feeding,N,8,,,
Isleria hauxwelli,P02_IGZ14,Pollos 04-10 Sep,7682-7692,,09-Sep-14,153,69,8:50:22,8:51:00,0:00:38,0.4,0.006666667,m,Feeding,N,8,,,
Isleria hauxwelli,P02_IGZ14,Pollos 04-10 Sep,7709-7721,,09-Sep-14,154,70,9:07:31,9:10:00,0:02:29,2.5,0.041666667,m,Feeding,N,8,,,
Isleria hauxwelli,P02_IGZ14,Pollos 04-10 Sep,7822-7824,,09-Sep-14,155,71,10:51:00,10:53:00,0:02:00,2,0.033333333,m,Feeding,N,8,,,
Isleria hauxwelli,P02_IGZ14,Pollos 04-10 Sep,7894-7904,,09-Sep-14,157,72,12:03:00,12:13:00,0:10:00,10,0.166666667,f,Feeding,N,8,,,
Isleria hauxwelli,P02_IGZ14,Pollos 04-10 Sep,7904-7907,,09-Sep-14,157,72,12:13:00,12:16:00,0:03:00,3,0.05,m,Feeding,N,8,,,
Isleria hauxwelli,P02_IGZ14,Pollos 04-10 Sep,7924-7931,,09-Sep-14,157,72,12:33:00,12:40:00,0:07:00,7,0.116666667,f,Feeding,N,8,,,
Isleria hauxwelli,P02_IGZ14,Pollos 04-10 Sep,7931-7932,,09-Sep-14,157,72,12:40:00,12:41:00,0:01:00,1,0.016666667,m,Feeding,N,8,,,
Isleria hauxwelli,P02_IGZ14,Pollos 04-10 Sep,7937-7940,,09-Sep-14,157,72,12:46:00,12:49:00,0:03:00,3,0.05,f,Feeding,N,8,,,
Isleria hauxwelli,P02_IGZ14,Pollos 04-10 Sep,7962-7963,,09-Sep-14,158,73,13:11:00,13:12:00,0:01:00,1,0.016666667,m,Feeding,N,8,,,
Isleria hauxwelli,P02_IGZ14,Pollos 04-10 Sep,8058-8059,,09-Sep-14,159,74,14:47:00,14:48:00,0:01:00,1,0.016666667,m,Feeding,N,8,,,
Isleria hauxwelli,P02_IGZ14,Pollos 04-10 Sep,8091-8092,,09-Sep-14,160,75,15:20:00,15:21:00,0:01:00,1,0.016666667,f,Feeding,N,8,,,
Isleria hauxwelli,P02_IGZ14,Pollos 04-10 Sep,8123-8124,,09-Sep-14,160,75,15:52:00,15:53:00,0:01:00,1,0.016666667,f,Feeding,N,8,,,
Isleria hauxwelli,P02_IGZ14,Pollos 04-10 Sep,8138-8139,,09-Sep-14,161,76,16:06:35,16:06:36,0:00:01,0.1,0.001666667,m,Feeding,N,8,,,
Isleria hauxwelli,P02_IGZ14,Pollos 04-10 Sep,8138-8148,,09-Sep-14,161,76,16:06:35,16:07:00,0:00:25,0.4,0.006666667,f,Feeding,N,8,,,
Isleria hauxwelli,P02_IGZ14,Pollos 04-10 Sep,8191-8192,,09-Sep-14,161,76,16:50:00,16:51:00,0:01:00,1,0.016666667,f,Feeding,N,8,,,
Isleria hauxwelli,P02_IGZ14,Pollos 04-10 Sep,8210-8211,,09-Sep-14,162,77,17:09:00,17:10:00,0:01:00,1,0.016666667,u,Feeding,N,8,,,
Isleria hauxwelli,P02_IGZ14,Pollos 04-10 Sep,8235-8966,,09-Sep-14,,77,17:34:00,0:00:00,6:26:00,386,6.433333333,f,brooding,Y,8,,,
Isleria hauxwelli,P02_IGZ14,Pollos 04-10 Sep,,,09-Sep-14,,,,,,0,0,m,brooding,N,8,,,
Isleria hauxwelli,P02_IGZ14,Pollos 04-10 Sep,,,09-Sep-14,,,,,,0,0,f,brooding,N,8,,,
Isleria hauxwelli,P02_IGZ14,Pollos 04-10 Sep,,,09-Sep-14,,,,,,0,0,m,brooding,N,8,,,
Isleria hauxwelli,P02_IGZ14,Pollos 04-10 Sep,,,09-Sep-14,,,,,,0,0,f,brooding,N,8,,,
Isleria hauxwelli,P02_IGZ14,Pollos 04-10 Sep,8235-8966,,10-Sep-14,,,0:00:00,5:45:00,5:45:00,354,5.9,f,brooding,Y,9,,,
Isleria hauxwelli,P02_IGZ14,Pollos 04-10 Sep,8966-9718,1,10-Sep-14,,78,5:45:00,17:27:00,11:42:00,702,11.7,f,off,N,9,,,
Isleria hauxwelli,P02_IGZ14,Pollos 04-10 Sep,8970-8971,,10-Sep-14,174,78,5:49:00,5:50:00,0:01:00,1,0.016666667,m,Feeding,N,9,,,
Isleria hauxwelli,P02_IGZ14,Pollos 04-10 Sep,8979-8980,,10-Sep-14,174,78,5:58:00,5:59:00,0:01:00,1,0.016666667,u,Feeding,N,9,,,
Isleria hauxwelli,P02_IGZ14,Pollos 04-10 Sep,8984-8985,,10-Sep-14,175,79,6:03:00,6:04:00,0:01:00,1,0.016666667,u,Feeding,N,9,,,
Isleria hauxwelli,P02_IGZ14,Pollos 04-10 Sep,8990-8991,,10-Sep-14,175,79,6:09:00,6:10:00,0:01:00,1,0.016666667,u,Feeding,N,9,,,
Isleria hauxwelli,P02_IGZ14,Pollos 04-10 Sep,8994-8995,,10-Sep-14,175,79,6:13:00,6:14:00,0:01:00,1,0.016666667,u,Feeding,N,9,,,
Isleria hauxwelli,P02_IGZ14,Pollos 04-10 Sep,9031-9032,,10-Sep-14,175,79,6:50:00,6:51:00,0:01:00,1,0.016666667,u,Feeding,N,9,,,
Isleria hauxwelli,P02_IGZ14,Pollos 04-10 Sep,9071-9072,,10-Sep-14,176,80,7:30:00,7:31:00,0:01:00,1,0.016666667,u,Feeding,N,9,,,
Isleria hauxwelli,P02_IGZ14,Pollos 04-10 Sep,9250-9251,,10-Sep-14,178,81,9:39:00,9:40:00,0:01:00,1,0.016666667,f,Feeding,N,9,,,
Isleria hauxwelli,P02_IGZ14,Pollos 04-10 Sep,9263-9264,,10-Sep-14,178,81,9:52:00,9:53:00,0:01:00,1,0.016666667,m,Feeding,N,9,,,
Isleria hauxwelli,P02_IGZ14,Pollos 04-10 Sep,9279-9280,,10-Sep-14,179,82,10:08:00,10:09:00,0:01:00,1,0.016666667,m,Feeding,N,9,,,
Isleria hauxwelli,P02_IGZ14,Pollos 04-10 Sep,9296-9301,,10-Sep-14,179,82,10:25:00,10:30:00,0:05:00,5,0.083333333,f,Feeding,N,9,,,
Isleria hauxwelli,P02_IGZ14,Pollos 04-10 Sep,9327-9335,,10-Sep-14,179,82,10:56:00,11:04:00,0:08:00,8,0.133333333,f,Feeding,N,9,,,
Isleria hauxwelli,P02_IGZ14,Pollos 04-10 Sep,9377-11:48,,10-Sep-14,180,83,11:46:00,11:48:00,0:02:00,2,0.033333333,m,Feeding,N,9,,,
Isleria hauxwelli,P02_IGZ14,Pollos 04-10 Sep,9390-9391,,10-Sep-14,180,83,11:59:00,12:00:00,0:01:00,1,0.016666667,m,Feeding,N,9,,,
Isleria hauxwelli,P02_IGZ14,Pollos 04-10 Sep,9411-9414,,10-Sep-14,181,84,12:20:00,12:23:00,0:03:00,3,0.05,f,Feeding,N,9,,,
Isleria hauxwelli,P02_IGZ14,Pollos 04-10 Sep,9418-9419,,10-Sep-14,181,84,12:27:00,12:28:00,0:01:00,1,0.016666667,m,Feeding,N,9,,,
Isleria hauxwelli,P02_IGZ14,Pollos 04-10 Sep,9439-9445,,10-Sep-14,181,84,12:48:00,12:54:00,0:06:00,6,0.1,f,Feeding,N,9,,,
Isleria hauxwelli,P02_IGZ14,Pollos 04-10 Sep,9448-9449,,10-Sep-14,181,84,12:57:00,12:58:00,0:01:00,1,0.016666667,m,Feeding,N,9,,,
Isleria hauxwelli,P02_IGZ14,Pollos 04-10 Sep,9458-9459,,10-Sep-14,182,85,13:07:00,13:08:00,0:01:00,1,0.016666667,m,Feeding,N,9,,,
Isleria hauxwelli,P02_IGZ14,Pollos 04-10 Sep,9460-9461,,10-Sep-14,182,85,13:09:00,13:10:00,0:01:00,1,0.016666667,f,Feeding,N,9,,,
Isleria hauxwelli,P02_IGZ14,Pollos 04-10 Sep,9485-9495,,10-Sep-14,182,85,13:34:00,13:44:00,0:10:00,10,0.166666667,f,Feeding,N,9,,,
Isleria hauxwelli,P02_IGZ14,Pollos 04-10 Sep,9503-9504,,10-Sep-14,182,85,13:52:00,13:53:00,0:01:00,1,0.016666667,f,Feeding,N,9,,,
Isleria hauxwelli,P02_IGZ14,Pollos 04-10 Sep,9609-9610,,10-Sep-14,184,86,15:38:00,15:39:00,0:01:00,1,0.016666667,u,Feeding,N,9,,,
Isleria hauxwelli,P02_IGZ14,Pollos 04-10 Sep,9640-9641,,10-Sep-14,185,87,16:09:00,16:10:00,0:01:00,1,0.016666667,u,Feeding,N,9,,,
Isleria hauxwelli,P02_IGZ14,Pollos 04-10 Sep,9717-9718,,10-Sep-14,186,88,17:26:00,17:27:00,0:01:00,1,0.016666667,f,Feeding,N,9,,,
Isleria hauxwelli,P02_IGZ14,Pollos 04-10 Sep,9718-9999,,10-Sep-14,,88,17:27:00,22:08:00,4:41:00,281,4.683333333,f,brooding,Y,9,,,
Isleria hauxwelli,P02_IGZ14,Pollos 04-10 Sep,,,10-Sep-14,,,,,,0,0,f,brooding,N,9,,,
Isleria hauxwelli,P02_IGZ14,Pollos 04-10 Sep,,,10-Sep-14,,,,,,0,0,m,brooding,N,9,,,
Isleria hauxwelli,P02_IGZ14,Pollos 10-12 Sep,0001-0457,,10-Sep-14,,89,22:09:00,0:00:00,1:51:00,111,1.85,f,brooding,Y,9,,,
Isleria hauxwelli,P02_IGZ14,Pollos 10-12 Sep,0001-0457,,11-Sep-14,,,0:00:00,5:45:00,5:45:00,345,5.75,f,brooding,Y,10,,,
Isleria hauxwelli,P02_IGZ14,Pollos 10-12 Sep,0457-,,11-Sep-14,,90,5:45:00,,###############################################################################################################################################################################################################################################################,,0,f,off,N,10,,,
Isleria hauxwelli,P02_IGZ14,Pollos 10-12 Sep,0477-0478,,11-Sep-14,199,91,6:05:00,6:06:00,0:01:00,1,0.016666667,m,Feeding,N,10,,,
Isleria hauxwelli,P02_IGZ14,Pollos 10-12 Sep,0498-0499,,11-Sep-14,199,91,6:26:00,6:27:00,0:01:00,1,0.016666667,u,Feeding,N,10,,,
Isleria hauxwelli,P02_IGZ14,Pollos 10-12 Sep,0544-0545,,11-Sep-14,200,92,7:12:00,7:13:00,0:01:00,1,0.016666667,u,Feeding,N,10,,,
Isleria hauxwelli,P02_IGZ14,Pollos 10-12 Sep,0553-0554,,11-Sep-14,200,92,7:21:00,7:22:00,0:01:00,1,0.016666667,u,Feeding,N,10,,,
Isleria hauxwelli,P02_IGZ14,Pollos 10-12 Sep,0567-0568,,11-Sep-14,200,92,7:35:00,7:36:00,0:01:00,1,0.016666667,u,Feeding,N,10,,,216
Isleria hauxwelli,P02_IGZ14,Pollos 10-12 Sep,0596-0597,,11-Sep-14,201,93,8:04:00,8:05:00,0:01:00,1,0.016666667,u,Feeding,N,10,,,
Isleria hauxwelli,P02_IGZ14,Pollos 10-12 Sep,0641-0642,,11-Sep-14,201,93,8:49:00,8:50:00,0:01:00,1,0.016666667,u,Feeding,N,10,,,
Isleria hauxwelli,P02_IGZ14,Pollos 10-12 Sep,0685-0687,,11-Sep-14,202,93,9:33:00,9:35:00,0:02:00,2,0.033333333,u,Feeding,N,10,,,
Isleria hauxwelli,P02_IGZ14,Pollos 10-12 Sep,0689-0690,,11-Sep-14,202,93,9:37:00,9:38:00,0:01:00,1,0.016666667,u,Feeding,N,10,,,
Isleria hauxwelli,P02_IGZ14,Pollos 10-12 Sep,0777-0778,,11-Sep-14,204,94,11:05:00,11:06:00,0:01:00,1,0.016666667,m,Feeding,N,10,,,
Isleria hauxwelli,P02_IGZ14,Pollos 10-12 Sep,0824-0825,,11-Sep-14,204,94,11:52:00,11:53:00,0:01:00,1,0.016666667,m,Feeding,N,10,,,
Isleria hauxwelli,P02_IGZ14,Pollos 10-12 Sep,0833-0834,,11-Sep-14,205,95,12:01:00,12:02:00,0:01:00,1,0.016666667,f,Feeding,N,10,,,
Isleria hauxwelli,P02_IGZ14,Pollos 10-12 Sep,0887-0888,,11-Sep-14,205,95,12:55:00,12:56:00,0:01:00,1,0.016666667,f,Feeding,N,10,,,
Isleria hauxwelli,P02_IGZ14,Pollos 10-12 Sep,0896-0897,,11-Sep-14,206,96,13:04:00,13:05:00,0:01:00,1,0.016666667,f,Feeding,N,10,,,
Isleria hauxwelli,P02_IGZ14,Pollos 10-12 Sep,0900-0901,,11-Sep-14,206,96,13:08:00,13:09:00,0:01:00,1,0.016666667,m,Feeding,N,10,,,
Isleria hauxwelli,P02_IGZ14,Pollos 10-12 Sep,0902-0906,,11-Sep-14,206,96,13:10:00,13:14:00,0:04:00,4,0.066666667,f,Feeding,N,10,,,
Isleria hauxwelli,P02_IGZ14,Pollos 10-12 Sep,0907-0911,,11-Sep-14,206,96,13:15:00,13:19:00,0:04:00,4,0.066666667,f,Feeding,N,10,,,
Isleria hauxwelli,P02_IGZ14,Pollos 10-12 Sep,0913-0914,,11-Sep-14,206,96,13:21:00,13:22:00,0:01:00,1,0.016666667,m,Feeding,N,10,,,
Isleria hauxwelli,P02_IGZ14,Pollos 10-12 Sep,0920-0921,,11-Sep-14,206,96,13:28:00,13:29:00,0:01:00,1,0.016666667,f,Feeding,N,10,,,
Isleria hauxwelli,P02_IGZ14,Pollos 10-12 Sep,0969-0970,,11-Sep-14,207,97,14:17:00,14:18:00,0:01:00,1,0.016666667,m,Feeding,N,10,,,
Isleria hauxwelli,P02_IGZ14,Pollos 10-12 Sep,0970-0973,,11-Sep-14,207,97,14:18:00,14:21:00,0:03:00,3,0.05,f,Feeding,N,10,,,
Isleria hauxwelli,P02_IGZ14,Pollos 10-12 Sep,1067-1068,,11-Sep-14,208,98,15:55:00,15:56:00,0:01:00,1,0.016666667,u,Feeding,N,10,,,
Isleria hauxwelli,P02_IGZ14,Pollos 10-12 Sep,1078-1079,,11-Sep-14,209,99,16:06:00,16:07:00,0:01:00,1,0.016666667,u,Feeding,N,10,,,
Isleria hauxwelli,P02_IGZ14,Pollos 10-12 Sep,1086-1087,,11-Sep-14,209,99,16:14:00,16:15:00,0:01:00,1,0.016666667,u,Feeding,N,10,,,
Isleria hauxwelli,P02_IGZ14,Pollos 10-12 Sep,1102-1103,,11-Sep-14,209,99,16:30:00,16:31:00,0:01:00,1,0.016666667,u,Feeding,N,10,,,
Isleria hauxwelli,P02_IGZ14,Pollos 10-12 Sep,1140-1141,,11-Sep-14,210,100,17:08:00,17:09:00,0:01:00,1,0.016666667,u,Feeding,N,10,,,
Isleria hauxwelli,P02_IGZ14,Pollos 04-10 Sep,,,11-Sep-14,,,,,,0,0,f,brooding,N,10,,,
Isleria hauxwelli,P02_IGZ14,Pollos 04-10 Sep,,,11-Sep-14,,,,,,0,0,m,brooding,N,10,,,
Isleria hauxwelli,P02_IGZ14,Pollos 10-12 Sep,1157-1581,,11-Sep-14,,101,17:25:00,0:00:00,6:35:00,395,6.583333333,f,brooding,Y,10,,,
Isleria hauxwelli,P02_IGZ14,Pollos 10-12 Sep,1157-1581,,12-Sep-14,,,0:00:00,0:29:00,0:29:00,0.5,0.008333333,f,brooding,Y,11,,,
Isleria hauxwelli,P02_IGZ14,Pollos 04-10 Sep,,,12-Sep-14,,,,,,0,0,f,brooding,N,11,,,
Isleria hauxwelli,P02_IGZ14,Pollos 04-10 Sep,,,12-Sep-14,,,,,,0,0,m,brooding,N,11,,,